-- Spawns and templates

REPLACE INTO `creature_template` VALUES ('144976','0','0','0','0','0','0','0','0','0','0','0','0','43966','0','0','0','Void Sha','',NULL,'0','93','93','4','0','14','14','0','1','1.14286','1.14286','1','0','1340','1998','0','500','15.8','2000','2000','0','32768','0','0','0','0','0','0','0','0','0','0','0','0','0','144976','0','0','0','0','0','0','0','0','0','0','0','0','0','0','0','0','0','0','0','0','','0','3','1','1','1','1','1','0','0','0','0','0','0','0','0','1','0','0','0','','1');

DELETE FROM `creature` WHERE `id`=144976;
INSERT INTO `creature` VALUES
( NULL,'144976','959','5918','5918','4','1','0','0','3631.59','2704.44','766.506','1.41319','7200','0','0','1','0','0','0','34816','0','0'),
( NULL,'144976','959','5918','5918','4','1','0','0','3621.46','2675.58','766.506','3.38795','7200','0','0','1','0','0','0','34816','0','0'),
( NULL,'144976','959','5918','5918','4','1','0','0','3645.24','2655.58','766.653','5.65619','7200','0','0','1','0','0','0','34816','0','0'),
( NULL,'144976','959','5918','5918','4','1','0','0','3639.21','2642.96','767.036','5.65619','7200','0','0','1','0','0','0','34816','0','0'),
( NULL,'144976','959','5918','5918','4','1','0','0','3628.78','2687.15','766.634','3.38795','7200','0','0','1','0','0','0','34816','0','0'),
( NULL,'144976','959','5918','5918','4','1','0','0','3619.56','2678.87','766.56','3.38795','7200','0','0','1','0','0','0','34816','0','0'),
( NULL,'144976','959','5918','5918','4','1','0','0','3621.37','2685.51','766.612','3.38795','7200','0','0','1','0','0','0','34816','0','0'),
( NULL,'144976','959','5918','5918','4','1','0','0','3619.35','2680.44','766.589','3.38795','7200','0','0','1','0','0','0','34816','0','0'),
( NULL,'144976','959','5918','5918','4','1','0','0','3622.11','2712.21','766.701','1.41319','7200','0','0','1','0','0','0','34816','0','0'),
( NULL,'144976','959','5918','5918','4','1','0','0','3621.11','2721.26','766.505','2.32873','7200','0','0','1','0','0','0','34816','0','0'),
( NULL,'144976','959','5918','5918','4','1','0','0','3626.29','2709.11','766.504','2.32873','7200','0','0','1','0','0','0','34816','0','0'),
( NULL,'144976','959','5918','5918','4','1','0','0','3633.88','2704.88','766.507','1.41319','7200','0','0','1','0','0','0','34816','0','0');

REPLACE INTO `creature_template` VALUES ('144977','0','0','0','0','0','0','0','0','0','0','0','0','40887','0','0','0','Ethereal Sha','',NULL,'0','93','93','4','0','14','14','0','1','1.14286','1.14286','1','0','1340','1998','0','500','15.8','2000','2000','0','32768','0','0','0','0','0','0','0','0','0','0','0','0','0','144977','0','0','0','0','0','0','0','0','0','0','0','0','0','0','0','0','0','0','0','0','','0','3','1','3','1','1','1','0','0','0','0','0','0','0','0','1','0','0','0','','1');

DELETE FROM `creature` WHERE `id`=144977;
INSERT INTO `creature` VALUES
( NULL,'144977','959','5918','5918','4','1','0','0','3621.8','2724.04','766.423','4.04053','7200','0','0','1','0','0','0','32768','0','0'),
( NULL,'144977','959','5918','5918','4','1','0','0','3608.12','2706.41','766.516','5.36531','7200','0','0','1','0','0','0','32768','0','0'),
( NULL,'144977','959','5918','5918','4','1','0','0','3618.41','2688.37','766.421','0.778119','7200','0','0','1','0','0','0','32768','0','0'),
( NULL,'144977','959','5918','5918','4','1','0','0','3637.56','2655.84','766.482','5.56051','7200','0','0','1','0','0','0','32768','0','0'),
( NULL,'144977','959','5918','5918','4','1','0','0','3636.47','2682.67','766.421','3.46634','7200','0','0','1','0','0','0','32768','0','0');

REPLACE INTO `creature_template` VALUES ('144978','0','0','0','0','0','0','0','0','0','0','0','0','41897','41896','0','0','Shado-Pan Novice','',NULL,'0','93','93','4','0','2482','2482','0','1','1.14286','1.14286','1','0','19676','28662','0','84592','2','2000','2000','0','33024','0','0','0','0','0','0','0','0','0','0','0','0','0','144978','0','0','0','0','0','0','0','0','0','0','0','0','0','0','0','0','0','0','0','0','','0','3','1','1','1','1','1','0','0','0','0','0','0','0','0','1','0','0','0','','1');

DELETE FROM `creature` WHERE `id`=144978;
INSERT INTO `creature` VALUES
( NULL,'144978','959','5918','5918','4','1','0','0','3647.02','2932.76','804.242','4.16102','7200','0','0','1','0','0','0','559360','0','0'),
( NULL,'144978','959','5918','5918','4','1','0','0','3644.3','2934.38','804.217','4.33653','7200','0','0','1','0','0','0','559360','0','0'),
( NULL,'144978','959','5918','5918','4','1','0','0','3627.31','2982.59','804.716','5.13194','7200','0','0','1','0','0','0','33024','0','0'),
( NULL,'144978','959','5918','5918','4','1','0','0','3613.74','2966.93','804.217','2.9099','7200','0','0','1','0','0','0','559360','0','0'),
( NULL,'144978','959','5918','5918','4','1','0','0','3638.73','2937.04','804.217','4.67379','7200','0','0','1','0','0','0','559360','0','0'),
( NULL,'144978','959','5918','5918','4','1','0','0','3635.55','2937.17','804.217','4.80863','7200','0','0','1','0','0','0','559360','0','0'),
( NULL,'144978','959','5918','5918','4','1','0','0','3614.27','2970.01','804.27','3.05036','7200','0','0','1','0','0','0','559360','0','0'),
( NULL,'144978','959','5918','5918','4','1','0','0','3613.81','2956.52','804.217','3.29325','7200','0','0','1','0','0','0','690432','0','0'),
( NULL,'144978','959','5918','5918','4','1','0','0','3612.56','2945.23','804.217','3.89502','7200','0','0','1','0','0','0','559360','0','0'),
( NULL,'144978','959','5918','5918','4','1','0','0','3613.95','2953.32','804.217','3.13551','7200','0','0','1','0','0','0','690432','0','0'),
( NULL,'144978','959','5918','5918','4','1','0','0','3614.75','2942.87','804.217','3.71833','7200','0','0','1','0','0','0','559360','0','0');

REPLACE INTO `creature_template` VALUES ('144979','0','0','0','0','0','0','0','0','0','0','0','0','40958','40959','40885','0','Unleashed Sha','',NULL,'0','93','93','4','0','14','14','0','1','1.14286','1.14286','1','0','19676','28662','0','84592','2','2000','2000','0','536903680','0','0','0','0','0','0','0','0','0','0','0','0','0','144979','0','0','0','0','0','0','0','0','0','0','0','0','0','0','0','0','0','0','0','0','','0','3','1','3','1','1','1','0','0','0','0','0','0','0','0','1','0','0','2','','1');

DELETE FROM `creature` WHERE `id`=144979;
INSERT INTO `creature` VALUES
( NULL,'144979','959','5918','5918','4','1','0','0','3612.58','2784.31','770.787','1.76278','7200','0','0','1','0','0','0','33587456','0','0'),
( NULL,'144979','959','5918','5918','4','1','0','0','3588.15','2784.82','770.787','1.76278','7200','0','0','1','0','0','0','33587456','0','0'),
( NULL,'144979','959','5918','5918','4','1','0','0','3643.83','2779.01','770.787','1.76278','7200','0','0','1','0','0','0','33587456','0','0'),
( NULL,'144979','959','5918','5918','4','1','0','0','3625.58','2812.77','770.787','1.36494','7200','0','0','1','0','0','0','33587456','0','0'),
( NULL,'144979','959','5918','5918','4','1','0','0','3623.47','2781.52','770.787','0.723036','7200','0','0','1','0','0','0','33587456','0','0'),
( NULL,'144979','959','5918','5918','4','1','0','0','3617.58','2814.09','770.787','1.76278','7200','0','0','1','0','0','0','33587456','0','0'),
( NULL,'144979','959','5918','5918','4','1','0','0','3631.86','2801.58','770.787','1.76278','7200','0','0','1','0','0','0','33587456','0','0'),
( NULL,'144979','959','5918','5918','4','1','0','0','3603.92','2745.07','767.049','1.76278','7200','0','0','1','0','0','0','33587456','0','0'),
( NULL,'144979','959','5918','5918','4','1','0','0','3612.31','2748.53','768.421','1.76278','7200','0','0','1','0','0','0','33587456','0','0'),
( NULL,'144979','959','5918','5918','4','1','0','0','3585.71','2736.81','769.335','5.88176','7200','0','0','1','0','0','0','33587456','0','0'),
( NULL,'144979','959','5918','5918','4','1','0','0','3590.57','2747.5','767.049','1.76278','7200','0','0','1','0','0','0','33587456','0','0'),
( NULL,'144979','959','5918','5918','4','1','0','0','3603.46','2755.89','767.964','1.76278','7200','0','0','1','0','0','0','33587456','0','0');

REPLACE INTO `creature_template` VALUES ('144980','0','0','0','0','0','0','0','0','0','0','0','0','38615','38615','0','0','Ice Arrow Target','',NULL,'0','93','93','4','0','14','14','0','1','1.14286','1.14286','1','0','7592','16578','0','84592','6','2000','2000','0','33554432','0','0','0','0','0','0','0','0','0','0','0','0','0','144980','0','0','0','0','0','0','0','0','0','0','0','0','0','0','0','0','0','0','0','0','','0','3','1','1','1','1','1','0','0','0','0','0','0','0','0','1','0','0','128','','1');

DELETE FROM `creature` WHERE `id`=144980;
INSERT INTO `creature` VALUES
( NULL,'144980','959','5918','5918','4','1','0','0','3662.83','2779.17','770.813','0','7200','0','0','1','0','0','0','33554432','0','0'),
( NULL,'144980','959','5918','5918','4','1','0','0','3694.09','2874.91','804.415','0','7200','0','0','1','0','0','0','33554432','0','0'),
( NULL,'144980','959','5918','5918','4','1','0','0','3703.23','2841.49','798.325','0','7200','0','0','1','0','0','0','33554432','0','0'),
( NULL,'144980','959','5918','5918','4','1','0','0','3704.19','2804.72','785.606','0','7200','0','0','1','0','0','0','33554432','0','0');

REPLACE INTO `creature_template` VALUES ('144981','0','0','0','0','0','0','0','0','0','0','0','0','41902','0','0','0','Master Snowdrift','',NULL,'0','93','93','4','0','15','15','2','1','1.14286','1.14286','1','0','24888','31110','0','0','6','2000','2000','0','0','0','0','0','0','0','0','0','0','0','0','0','0','0','144981','0','0','0','0','0','0','0','0','0','0','0','0','0','0','0','0','0','0','0','0','','0','3','1','35','1','1','1','0','0','0','0','0','0','0','0','1','0','0','0','','1');

DELETE FROM `creature` WHERE `id`=144981;
INSERT INTO `creature` VALUES ( NULL,'144981','959','5918','6122','4','1','0','0','3838.56','2697.81','742.947','4.89601','7200','0','0','1','0','0','0','33600','0','0');

REPLACE INTO `creature_template` VALUES ('144982','0','0','0','0','0','0','0','0','0','0','0','0','41897','0','0','0','Shado-Pan Disciple','',NULL,'0','93','93','4','0','16','16','0','1','1.14286','1.14286','1','0','0','0','0','0','6','2000','2000','0','33554432','0','0','0','0','0','0','0','0','0','0','0','0','0','144982','0','0','0','0','0','0','0','0','0','0','0','0','0','0','0','0','0','0','0','0','','0','3','1','2','1','1','1','0','0','0','0','0','0','0','0','1','0','0','128','','1');

DELETE FROM `creature` WHERE `id`=144982;
INSERT INTO `creature` VALUES
( NULL,'144982','959','5918','5918','4','1','0','0','3587.23','2780.34','770.787','1.94984','7200','0','0','1','0','0','0','33554688','0','0'),
( NULL,'144982','959','5918','5918','4','1','0','0','3618.71','2780.49','770.787','0.73571','7200','0','0','1','0','0','0','33554688','0','0'),
( NULL,'144982','959','5918','5918','4','1','0','0','3626.6','2730.69','766.496','4.34587','7200','0','0','1','0','0','0','33554432','0','0'),
( NULL,'144982','959','5918','5918','4','1','0','0','3640.2','2737.36','769.608','4.74729','7200','0','0','1','0','0','0','33554432','0','0'),
( NULL,'144982','959','5918','5918','4','1','0','0','3652.07','2714.13','769.608','1.32645','7200','0','0','1','0','0','0','33554432','0','0'),
( NULL,'144982','959','5918','5918','4','1','0','0','3649.38','2680.02','767.049','3.75246','7200','0','0','1','0','0','0','33554432','0','0'),
( NULL,'144982','959','5918','5918','4','1','0','0','3638.44','2763.28','771.215','3.75246','7200','0','0','1','0','0','0','33554688','0','0'),
( NULL,'144982','959','5918','5918','4','1','0','0','3611.04','2682.85','767.049','0.139626','7200','0','0','1','0','0','0','33554432','0','0'),
( NULL,'144982','959','5918','5918','4','1','0','0','3606.55','2777.38','770.787','0.139626','7200','0','0','1','0','0','0','33554688','0','0'),
( NULL,'144982','959','5918','5918','4','1','0','0','3579.92','2772.95','770.787','4.34587','7200','0','0','1','0','0','0','33554688','0','0'),
( NULL,'144982','959','5918','5918','4','1','0','0','3640.48','2790.29','770.787','0.73571','7200','0','0','1','0','0','0','33554688','0','0'),
( NULL,'144982','959','5918','5918','4','1','0','0','3640.53','2643.64','767.049','1.69297','7200','0','0','1','0','0','0','33554432','0','0'),
( NULL,'144982','959','5918','5918','4','1','0','0','3634.7','2805.59','770.787','4.74729','7200','0','0','1','0','0','0','33554688','0','0'),
( NULL,'144982','959','5918','5918','4','1','0','0','3603.05','2803','770.787','1.32645','7200','0','0','1','0','0','0','33554688','0','0');

REPLACE INTO `creature_template` VALUES ('144983','0','0','0','0','0','0','0','0','0','0','0','0','41861','0','0','0','Ban Bearheart','',NULL,'0','93','93','4','0','2482','2482','2','1','1.14286','1.14286','1','0','0','0','0','0','6','2000','2000','0','32768','0','0','0','0','0','0','0','0','0','0','0','0','0','144983','0','0','0','0','0','0','0','0','0','0','0','0','0','0','0','0','0','0','0','0','','0','3','1','1','1','1','1','0','0','0','0','0','0','0','0','1','0','0','0','','1');

DELETE FROM `creature` WHERE `id`=144983;
INSERT INTO `creature` VALUES ( NULL,'144983','959','5918','5918','4','1','0','0','3657.23','2556.2','767.052','0.305929','7200','0','0','1','0','0','2','32768','0','0');

REPLACE INTO `creature_template` VALUES ('144984','0','0','0','0','0','0','0','0','0','0','0','0','38459','0','0','0','Training Target','',NULL,'0','93','93','4','0','7','7','0','1','1.14286','1.14286','1','0','7592','16578','0','84592','6','2000','2000','0','0','0','0','0','0','0','0','0','0','0','0','0','0','0','144984','0','0','0','0','0','0','0','0','0','0','0','0','0','0','0','0','0','0','0','0','','0','3','1','1','1','1','1','0','0','0','0','0','0','0','0','1','0','32','262144','npc_training_dummy','1');

DELETE FROM `creature` WHERE `id`=144984;
INSERT INTO `creature` VALUES
( NULL,'144984','959','5918','5918','4','1','0','0','3554.98','2782.28','770.705','3.90954','7200','0','0','1','0','0','0','0','0','0'),
( NULL,'144984','959','5918','5918','4','1','0','0','3596.13','2831.04','771.227','3.90954','7200','0','0','1','0','0','0','0','0','0'),
( NULL,'144984','959','5918','5918','4','1','0','0','3597.77','2833.39','771.228','3.90954','7200','0','0','1','0','0','0','0','0','0'),
( NULL,'144984','959','5918','5918','4','1','0','0','3582.83','2815.6','770.716','3.90954','7200','0','0','1','0','0','0','0','0','0'),
( NULL,'144984','959','5918','5918','4','1','0','0','3585.7','2815.86','770.675','3.90954','7200','0','0','1','0','0','0','0','0','0'),
( NULL,'144984','959','5918','5918','4','1','0','0','3571.32','2731.69','770.532','3.90954','7200','0','0','1','0','0','0','0','0','0'),
( NULL,'144984','959','5918','5918','4','1','0','0','3574.04','2732.62','770.565','3.90954','7200','0','0','1','0','0','0','0','0','0'),
( NULL,'144984','959','5918','5918','4','1','0','0','3643.45','2932.23','803.986','3.90954','7200','0','0','1','0','0','0','0','0','0'),
( NULL,'144984','959','5918','5918','4','1','0','0','3601.45','2838.99','770.975','3.91176','7200','0','0','1','0','0','0','0','0','0'),
( NULL,'144984','959','5918','5918','4','1','0','0','3613.83','2838.54','770.546','3.90954','7200','0','0','1','0','0','0','0','0','0'),
( NULL,'144984','959','5918','5918','4','1','0','0','3604.14','2839.86','770.92','3.90954','7200','0','0','1','0','0','0','0','0','0'),
( NULL,'144984','959','5918','5918','4','1','0','0','3611.48','2967.46','804.135','3.90954','7200','0','0','1','0','0','0','0','0','0'),
( NULL,'144984','959','5918','5918','4','1','0','0','3611.87','2970.23','804.196','3.90954','7200','0','0','1','0','0','0','0','0','0'),
( NULL,'144984','959','5918','5918','4','1','0','0','3611.39','2953.34','803.948','3.90954','7200','0','0','1','0','0','0','0','0','0'),
( NULL,'144984','959','5918','5918','4','1','0','0','3611.27','2956.13','803.99','3.90954','7200','0','0','1','0','0','0','0','0','0'),
( NULL,'144984','959','5918','5918','4','1','0','0','3612.78','2941.59','803.981','3.90954','7200','0','0','1','0','0','0','0','0','0'),
( NULL,'144984','959','5918','5918','4','1','0','0','3610.85','2943.62','803.99','3.90954','7200','0','0','1','0','0','0','0','0','0'),
( NULL,'144984','959','5918','5918','4','1','0','0','3635.8','2934.59','803.934','3.90954','7200','0','0','1','0','0','0','0','0','0'),
( NULL,'144984','959','5918','5918','4','1','0','0','3638.63','2934.59','803.821','3.90954','7200','0','0','1','0','0','0','0','0','0'),
( NULL,'144984','959','5918','5918','4','1','0','0','3645.89','2930.92','803.928','3.90954','7200','0','0','1','0','0','0','0','0','0'),
( NULL,'144984','959','5918','5918','4','1','0','0','3611.62','2840.21','770.562','3.90954','7200','0','0','1','0','0','0','0','0','0'),
( NULL,'144984','959','5918','5918','4','1','0','0','3556.74','2738.95','770.746','3.90954','7200','0','0','1','0','0','0','0','0','0'),
( NULL,'144984','959','5918','5918','4','1','0','0','3552.62','2773.68','770.856','3.90954','7200','0','0','1','0','0','0','0','0','0'),
( NULL,'144984','959','5918','5918','4','1','0','0','3564.92','2731.58','771.531','3.90954','7200','0','0','1','0','0','0','0','0','0'),
( NULL,'144984','959','5918','5918','4','1','0','0','3562.55','2733.06','771.539','3.90954','7200','0','0','1','0','0','0','0','0','0'),
( NULL,'144984','959','5918','5918','4','1','0','0','3553.32','2780.08','770.73','3.90954','7200','0','0','1','0','0','0','0','0','0'),
( NULL,'144984','959','5918','5918','4','1','0','0','3556.57','2741.75','770.802','3.90954','7200','0','0','1','0','0','0','0','0','0'),
( NULL,'144984','959','5918','5918','4','1','0','0','3552.89','2770.93','770.844','3.90954','7200','0','0','1','0','0','0','0','0','0');

REPLACE INTO `creature_template` VALUES ('144985','0','0','0','0','0','0','0','0','0','0','0','0','41803','0','0','0','Shado-Pan Stormbringer','',NULL,'0','93','93','4','0','14','14','0','1','1.14286','1.14286','1','0','6592','15578','0','77592','15.8','2000','2000','0','0','0','0','0','0','0','0','0','0','0','0','0','0','0','144985','0','0','0','0','0','0','0','0','0','0','0','0','0','0','0','0','0','0','0','0','','0','3','1','2.5','1','1','1','0','0','0','0','0','0','0','0','1','0','0','0','','1');

DELETE FROM `creature` WHERE `id`=144985;
INSERT INTO `creature` VALUES
( NULL,'144985','959','5918','5918','4','1','0','0','3714.81','2578.11','768.853','0.915721','7200','0','0','1','0','0','0','0','0','0'),
( NULL,'144985','959','5918','5918','4','1','0','0','3712.46','2583.05','768.853','6.03169','7200','0','0','1','0','0','0','0','0','0'),
( NULL,'144985','959','5918','5918','4','1','0','0','3721.58','2586.82','768.853','4.01027','7200','0','0','1','0','0','0','0','0','0'),
( NULL,'144985','959','5918','5918','4','1','0','0','3678.53','2589.77','766.653','2.62266','7200','0','0','1','0','0','0','0','0','0'),
( NULL,'144985','959','5918','5918','4','1','0','0','3668.79','2590.13','766.653','0.300503','7200','0','0','1','0','0','0','0','0','0'),
( NULL,'144985','959','5918','5918','4','1','0','0','3673.38','2587.17','766.653','1.46771','7200','0','0','1','0','0','0','0','0','0'),
( NULL,'144985','959','5918','5918','4','1','0','0','3715.35','2587.97','769.042','5.18257','7200','0','0','1','0','0','0','0','0','0'),
( NULL,'144985','959','5918','5918','4','1','0','0','3723.69','2581.99','768.853','2.83153','7200','0','0','1','0','0','0','0','0','0'),
( NULL,'144985','959','5918','5918','4','1','0','0','3674.58','2598.12','766.653','4.56227','7200','0','0','1','0','0','0','0','0','0'),
( NULL,'144985','959','5918','5918','4','1','0','0','3669.21','2595.59','766.653','5.73456','7200','0','0','1','0','0','0','0','0','0'),
( NULL,'144985','959','5918','5918','4','1','0','0','3720.58','2577.94','769.042','1.72482','7200','0','0','1','0','0','0','0','0','0'),
( NULL,'144985','959','5918','5918','4','1','0','0','3678.91','2595.12','766.653','3.38352','7200','0','0','1','0','0','0','0','0','0');

REPLACE INTO `creature_template` VALUES ('144986','0','0','0','0','0','0','0','0','0','0','0','0','46084','0','0','0','Shado-Pan Ambusher','',NULL,'0','93','93','4','0','16','16','0','1','1.14286','1.14286','1','0','6592','15578','0','77592','15.8','2000','2000','0','0','0','0','0','0','0','0','0','0','0','0','0','0','0','144986','0','0','0','0','0','0','0','0','0','0','0','0','0','0','0','0','0','0','0','0','','0','3','1','1.5','1','1','1','0','0','0','0','0','0','0','0','1','0','0','0','npc_shadopan_ambusher','1');

DELETE FROM `creature` WHERE `id`=144986;
INSERT INTO `creature` VALUES
( NULL,'144986','959','5918','5918','4','1','0','0','3694.94','2577.33','796.759','3.42339','7200','0','0','1','0','0','0','0','0','0'),
( NULL,'144986','959','5918','5918','4','1','0','0','3671.72','2624.42','796.759','3.66439','7200','0','0','1','0','0','0','0','0','0'),
( NULL,'144986','959','5918','5918','4','1','0','0','3649.85','2614.47','796.759','0.548747','7200','0','0','1','0','0','0','0','0','0'),
( NULL,'144986','959','5918','5918','4','1','0','0','3650.36','2613.1','796.759','0.622197','7200','0','0','1','0','0','0','0','0','0'),
( NULL,'144986','959','5918','5918','4','1','0','0','3698.2','2570.69','796.759','3.36519','7200','0','0','1','0','0','0','0','0','0'),
( NULL,'144986','959','5918','5918','4','1','0','0','3693.95','2579.16','796.759','3.42339','7200','0','0','1','0','0','0','0','0','0'),
( NULL,'144986','959','5918','5918','4','1','0','0','3652.35','2624.67','796.759','5.15414','7200','0','0','1','0','0','0','0','0','0'),
( NULL,'144986','959','5918','5918','4','1','0','0','3658.13','2627.79','796.759','4.97232','7200','0','0','1','0','0','0','0','0','0'),
( NULL,'144986','959','5918','5918','4','1','0','0','3650.36','2623.63','796.759','4.93661','7200','0','0','1','0','0','0','0','0','0'),
( NULL,'144986','959','5918','5918','4','1','0','0','3672.41','2623.06','796.759','3.66439','7200','0','0','1','0','0','0','0','0','0'),
( NULL,'144986','959','5918','5918','4','1','0','0','3695.8','2575.4','796.759','3.42339','7200','0','0','1','0','0','0','0','0','0'),
( NULL,'144986','959','5918','5918','4','1','0','0','3661.94','2629.55','796.759','4.97232','7200','0','0','1','0','0','0','0','0','0'),
( NULL,'144986','959','5918','5918','4','1','0','0','3660.02','2628.58','796.759','4.97232','7200','0','0','1','0','0','0','0','0','0'),
( NULL,'144986','959','5918','5918','4','1','0','0','3654.4','2625.57','796.759','4.69645','7200','0','0','1','0','0','0','0','0','0'),
( NULL,'144986','959','5918','5918','4','1','0','0','3699.24','2568.7','796.759','3.58272','7200','0','0','1','0','0','0','0','0','0'),
( NULL,'144986','959','5918','5918','4','1','0','0','3700.14','2566.66','796.759','3.12503','7200','0','0','1','0','0','0','0','0','0');

REPLACE INTO `creature_template` VALUES ('144987','0','0','0','0','0','0','0','0','0','0','0','0','46083','0','0','0','Shado-Pan Warden','',NULL,'0','93','93','4','0','16','16','0','1','1.14286','1.14286','1','0','1340','1998','0','500','15.8','2000','2000','0','0','0','0','0','0','0','0','0','0','0','0','0','0','0','144987','0','0','0','0','0','0','0','0','0','0','0','0','0','0','0','0','0','0','0','0','','0','3','1','8','1','1','1','0','0','0','0','0','0','0','0','1','0','0','0','','1');

DELETE FROM `creature` WHERE `id`=144987;
INSERT INTO `creature` VALUES
( NULL,'144987','959','5918','5918','4','1','0','0','3689.09','2562','766.569','5.16139','7200','0','0','1','0','0','0','0','0','0'),
( NULL,'144987','959','5918','5918','4','1','0','0','3661.17','2618.01','766.653','5.15672','7200','0','0','1','0','0','0','0','0','0');

REPLACE INTO `creature_template` VALUES ('144988','0','0','0','0','0','0','0','0','0','0','0','0','42078','42079','42080','42081','Shado-Pan Guardian','',NULL,'0','93','93','4','0','2482','2482','0','1','1.14286','1.14286','1','0','0','0','0','0','6','2000','2000','0','0','0','0','0','0','0','0','0','0','0','0','0','0','0','144988','0','0','0','0','0','0','0','0','0','0','0','0','0','0','0','0','0','0','0','0','','0','3','1','1','1','1','1','0','0','0','0','0','0','0','0','1','0','0','0','','1');

DELETE FROM `creature` WHERE `id`=144988;
INSERT INTO `creature` VALUES
( NULL,'144988','959','5918','5918','4','1','0','0','3718.11','2671.64','768.008','0.516727','7200','0','0','1','0','0','0','526336','0','0'),
( NULL,'144988','959','5918','5918','4','1','0','0','3719.37','2677.98','768.005','5.39844','7200','0','0','1','0','0','0','526336','0','0'),
( NULL,'144988','959','5918','5918','4','1','0','0','3717.7','2675.29','768.015','6.04855','7200','0','0','1','0','0','0','526336','0','0'),
( NULL,'144988','959','5918','5918','4','1','0','0','3723.3','2668.95','768.008','1.72109','7200','0','0','1','0','0','0','526336','0','0'),
( NULL,'144988','959','5918','5918','4','1','0','0','3720.32','2669.37','768.006','1.1399','7200','0','0','1','0','0','0','526336','0','0');

REPLACE INTO `creature_template` VALUES ('144989','0','0','0','0','0','0','0','0','0','0','0','0','40563','0','0','0','Slain Shado-pan Initiate','',NULL,'0','93','93','4','0','190','190','0','1','1.14286','1.14286','1','0','0','0','0','0','6','2000','2000','0','570720256','0','32','0','0','0','0','0','0','0','0','0','0','0','144989','0','0','0','0','0','0','0','0','0','0','0','0','0','0','0','0','0','0','0','0','','0','3','1','1','1','1','1','0','0','0','0','0','0','0','0','1','0','0','0','','1');

DELETE FROM `creature` WHERE `id`=144989;
INSERT INTO `creature` VALUES
( NULL,'144989','959','5918','6122','4','1','0','0','3859.81','2596.02','754.618','5.8328','7200','0','0','1','0','0','0','570720256','0','0'),
( NULL,'144989','959','5918','5918','4','1','0','0','3875.05','2740.57','742.855','1.39626','7200','0','0','1','0','0','0','570720256','0','0'),
( NULL,'144989','959','5918','6122','4','1','0','0','3839.5','2686.86','744.518','2.26724','7200','0','0','1','0','0','0','570720256','0','0'),
( NULL,'144989','959','5918','5918','4','1','0','0','3794.67','2772.35','744.859','5.65487','7200','0','0','1','0','0','0','570720256','0','0'),
( NULL,'144989','959','5918','5918','4','1','0','0','3820.32','2784.91','744.736','1.22173','7200','0','0','1','0','0','0','570720256','0','0'),
( NULL,'144989','959','5918','5918','4','1','0','0','3814.24','2792.02','745.247','5.65487','7200','0','0','1','0','0','0','570720256','0','0'),
( NULL,'144989','959','5918','5918','4','1','0','0','3875.31','2860.83','756.153','6.10865','7200','0','0','1','0','0','0','570720256','0','0'),
( NULL,'144989','959','5918','5918','4','1','0','0','3813.25','2716.06','741.772','1.39626','7200','0','0','1','0','0','0','570720256','0','0'),
( NULL,'144989','959','5918','5918','4','1','0','0','3797.31','2738.56','743.698','1.39626','7200','0','0','1','0','0','0','570720256','0','0'),
( NULL,'144989','959','5918','6122','4','1','0','0','3879.06','2609.43','754.626','4.3035','7200','0','0','1','0','0','0','570720256','0','0'),
( NULL,'144989','959','5918','6122','4','1','0','0','3839.87','2697.55','742.973','0.680678','7200','0','0','1','0','0','0','570720256','0','0'),
( NULL,'144989','959','5918','6122','4','1','0','0','3873.33','2604.17','754.626','4.65335','7200','0','0','1','0','0','0','570720256','0','0'),
( NULL,'144989','959','5918','5918','4','1','0','0','3857.15','2798.79','746.262','6.26807','7200','0','0','1','0','0','0','570720256','0','0'),
( NULL,'144989','959','5918','6122','4','1','0','0','3859.08','2588.91','754.618','0.210593','7200','0','0','1','0','0','0','570720256','0','0'),
( NULL,'144989','959','5918','5918','4','1','0','0','3892.78','2831.12','754.529','6.26573','7200','0','0','1','0','0','0','570720256','0','0'),
( NULL,'144989','959','5918','5918','4','1','0','0','3856.26','2809.05','746.18','1.309','7200','0','0','1','0','0','0','570720256','0','0'),
( NULL,'144989','959','5918','6122','4','1','0','0','3855.52','2628.65','754.626','3.12996','7200','0','0','1','0','0','0','570720256','0','0'),
( NULL,'144989','959','5918','6122','4','1','0','0','3867.33','2597.59','754.626','6.02041','7200','0','0','1','0','0','0','570720256','0','0');

REPLACE INTO `creature_template` VALUES ('144990','0','0','0','0','0','0','0','0','0','0','0','0','40297','0','0','0','Fragment of Hatred','',NULL,'0','93','93','4','0','16','16','0','1','1.14286','1.14286','1','0','0','0','0','0','6','2000','2000','0','32832','0','0','0','0','0','0','0','0','0','0','0','0','0','144990','0','0','0','0','0','0','0','0','0','0','0','0','0','0','0','0','0','0','0','0','','0','3','1','4','1','1','1','0','0','0','0','0','0','0','0','1','0','0','0','npc_shadopan_hatred','1');

DELETE FROM `creature` WHERE `id`=144990;
INSERT INTO `creature` VALUES
( NULL,'144990','959','5918','5918','4','1','0','0','3833.28','2725.59','743.887','6.17846','7200','0','0','1','0','0','0','32832','0','0'),
( NULL,'144990','959','5918','5918','4','1','0','0','3828.01','2726.56','743.827','1.20428','7200','0','0','1','0','0','0','32832','0','0'),
( NULL,'144990','959','5918','5918','4','1','0','0','3835.33','2768.64','745.676','6.17846','7200','0','0','1','0','0','0','32832','0','0'),
( NULL,'144990','959','5918','5918','4','1','0','0','3841.02','2769.16','745.676','1.20428','7200','0','0','1','0','0','0','32832','0','0'),
( NULL,'144990','959','5918','5918','4','1','0','0','3841.12','2774.07','745.676','1.20428','7200','0','0','1','0','0','0','32832','0','0'),
( NULL,'144990','959','5918','6122','4','1','0','0','3848.12','2653.44','752.113','1.20428','7200','0','0','1','0','0','0','32832','0','0'),
( NULL,'144990','959','5918','5918','4','1','0','0','3853.77','2842.86','754.66','6.17846','7200','0','0','1','0','0','0','32832','0','0'),
( NULL,'144990','959','5918','6122','4','1','0','0','3853.39','2652.48','752.033','6.17846','7200','0','0','1','0','0','0','32832','0','0'),
( NULL,'144990','959','5918','6122','4','1','0','0','3851.73','2646.94','752.87','1.20428','7200','0','0','1','0','0','0','32832','0','0'),
( NULL,'144990','959','5918','5918','4','1','0','0','3856.25','2846.98','754.873','1.20428','7200','0','0','1','0','0','0','32832','0','0');

REPLACE INTO `creature_template` VALUES ('144991','0','0','0','0','0','0','0','0','0','0','0','0','40296','0','0','0','Vestige of Hatred','',NULL,'0','93','93','4','0','16','16','0','1','1.14286','1.14286','1','0','0','0','0','0','6','2000','2000','0','32832','0','0','0','0','0','0','0','0','0','0','0','0','0','144991','0','0','0','0','0','0','0','0','0','0','0','0','0','0','0','0','0','0','0','0','','0','3','1','4','1','1','1','0','0','0','0','0','0','0','0','1','0','0','0','npc_shadopan_hatred','1');

DELETE FROM `creature` WHERE `id`=144991;
INSERT INTO `creature` VALUES
( NULL,'144991','959','5918','5918','4','1','0','0','3851.56','2855.57','754.62','1.50098','7200','0','0','1','0','0','0','32832','0','0'),
( NULL,'144991','959','5918','5918','4','1','0','0','3833.27','2776.27','745.676','1.50098','7200','0','0','1','0','0','0','32832','0','0'),
( NULL,'144991','959','5918','5918','4','1','0','0','3823.1','2725.01','743.073','1.50098','7200','0','0','1','0','0','0','32832','0','0'),
( NULL,'144991','959','5918','5918','4','1','0','0','3831.62','2720.05','743.779','1.20428','7200','0','0','1','0','0','0','32832','0','0'),
( NULL,'144991','959','5918','6122','4','1','0','0','3843.21','2651.9','752.332','1.50098','7200','0','0','1','0','0','0','32832','0','0'),
( NULL,'144991','959','5918','5918','4','1','0','0','3910.28','2880.19','771.19','0.76834','7200','0','0','1','0','0','0','32832','0','0'),
( NULL,'144991','959','5918','5918','4','1','0','0','3916.37','2873.11','771.19','0.613253','7200','0','0','1','0','0','0','32832','0','0');

REPLACE INTO `creature_template` VALUES ('144992','0','0','0','0','0','0','0','0','0','0','0','0','41051','0','0','0','Residual Hatred','',NULL,'0','93','93','4','0','16','16','0','1','1.14286','1.14286','1','0','0','0','0','0','6','2000','2000','0','32832','0','0','0','0','0','0','0','0','0','0','0','0','0','144992','0','0','0','0','0','0','0','0','0','0','0','0','0','0','0','0','0','0','0','0','','0','3','1','4','5','1','1','0','0','0','0','0','0','0','0','1','0','0','0','npc_shadopan_hatred','1');

DELETE FROM `creature` WHERE `id`=144992;
INSERT INTO `creature` VALUES
( NULL,'144992','959','5918','5918','4','1','0','0','3847.43','2771.08','745.676','0.191986','7200','0','0','1','0','0','0','32832','0','0'),
( NULL,'144992','959','5918','6122','4','1','0','0','3856.69','2649.53','752.543','0.191986','7200','0','0','1','0','0','0','32832','0','0'),
( NULL,'144992','959','5918','5918','4','1','0','0','3836.58','2722.64','743.956','0.191986','7200','0','0','1','0','0','0','32832','0','0'),
( NULL,'144992','959','5918','5918','4','1','0','0','3857.57','2852.65','754.706','0.191986','7200','0','0','1','0','0','0','32832','0','0');

REPLACE INTO `creature_template` VALUES ('144993','0','0','0','0','0','0','0','0','0','0','0','0','40562','0','0','0','Slain Shado-Pan Defender','',NULL,'0','93','93','4','0','190','190','16777216','1','1.14286','1.14286','1','0','0','0','0','0','6','2000','2000','0','537165824','0','32','0','0','0','0','0','0','0','0','0','0','0','144993','0','0','0','0','0','0','0','0','0','0','0','0','0','0','0','0','0','0','0','0','','0','3','1','1','1','1','1','0','0','0','0','0','0','0','0','1','0','0','0','','1');

DELETE FROM `creature` WHERE `id`=144993;
INSERT INTO `creature` VALUES
( NULL,'144993','959','5918','5918','4','1','0','0','3826.75','2721.21','745.008','2.57176','7200','0','0','1','0','0','16777216','537165824','0','0'),
( NULL,'144993','959','5918','5918','4','1','0','0','3837.07','2773.29','747.676','5.40766','7200','0','0','1','0','0','16777216','537165824','0','0'),
( NULL,'144993','959','5918','5918','4','1','0','0','3849.77','2847.39','756.62','1.89987','7200','0','0','1','0','0','16777216','537165824','0','0'),
( NULL,'144993','959','5918','5918','4','1','0','0','3909.86','2873.79','773.183','2.59234','7200','0','0','1','0','0','16777216','537165824','0','0'),
( NULL,'144993','959','5918','6122','4','1','0','0','3846.88','2647.94','754.666','0.162497','7200','0','0','1','0','0','16777216','537165824','0','0');

REPLACE INTO `creature_template` VALUES ('144994','0','0','0','0','0','0','0','0','0','0','0','0','40708','0','0','0','Sha Manifestation','',NULL,'0','93','93','4','0','14','14','0','1','1.14286','1.14286','1','0','19676','30662','0','84592','2','2000','2000','0','32768','0','0','0','0','0','0','0','0','0','0','0','0','0','144994','0','0','0','0','0','0','0','0','0','0','0','0','0','0','0','0','0','0','0','0','','0','3','1','4','1','1','1','0','0','0','0','0','0','0','0','1','0','0','0','','1');

DELETE FROM `creature` WHERE `id`=144994;
INSERT INTO `creature` VALUES ( NULL,'144994','959','5918','5918','4','1','0','0','4015.66','2829.42','780.092','0','7200','0','0','1','0','0','0','33587200','0','0');

REPLACE INTO `creature_template` VALUES ('144995','0','0','0','0','0','0','0','0','0','0','0','0','41897','41896','0','0','Shado-Pan Disciple','',NULL,'0','93','93','4','0','16','16','0','1','1.14286','1.14286','1','0','19676','28662','0','84592','2','2000','2000','0','0','0','0','0','0','0','0','0','0','0','0','0','0','0','144995','0','0','0','0','0','0','0','0','0','0','0','0','0','0','0','0','0','0','0','0','','0','3','1','2','1','1','1','0','0','0','0','0','0','0','0','1','0','0','0','','1');

DELETE FROM `creature` WHERE `id`=144995;
INSERT INTO `creature` VALUES
( NULL,'144995','959','5918','5918','4','1','0','0','3588.44','2759.73','770.823','5.24252','7200','0','0','1','0','0','0','0','0','0'),
( NULL,'144995','959','5918','5918','4','1','0','0','3599.69','2762.5','770.823','4.91836','7200','0','0','1','0','0','0','0','0','0'),
( NULL,'144995','959','5918','5918','4','1','0','0','3593.59','2761.72','770.823','5.09007','7200','0','0','1','0','0','0','0','0','0'),
( NULL,'144995','959','5918','5918','4','1','0','0','3625.82','2819.81','770.787','4.30314','7200','0','0','1','0','0','0','0','0','0'),
( NULL,'144995','959','5918','5918','4','1','0','0','3616.56','2820.34','770.787','4.91242','7200','0','0','1','0','0','0','0','0','0'),
( NULL,'144995','959','5918','5918','4','1','0','0','3583.88','2754.96','770.823','5.42407','7200','0','0','1','0','0','0','0','0','0');

REPLACE INTO `creature_template` VALUES ('144996','0','0','0','0','0','0','0','0','0','0','0','0','11686','0','0','0','Arc Lightning Stalker','',NULL,'0','93','93','4','0','35','35','0','1','1.14286','1.14286','1','0','0','0','0','0','6','2000','2000','0','33554432','0','0','0','0','0','0','0','0','0','0','0','0','0','144996','0','0','0','0','0','0','0','0','0','0','0','0','0','0','0','0','0','0','0','0','','0','3','1','1','1','1','1','0','0','0','0','0','0','0','0','1','0','0','128','','1');

DELETE FROM `creature` WHERE `id`=144996;
INSERT INTO `creature` VALUES
( NULL,'144996','959','5918','5918','4','1','0','0','3718.11','2674.98','768.095','3.9619','7200','0','0','1','0','0','0','33554432','0','0'),
( NULL,'144996','959','5918','5918','4','1','0','0','3720.89','2678.03','768.105','3.61283','7200','0','0','1','0','0','0','33554432','0','0'),
( NULL,'144996','959','5918','5918','4','1','0','0','3725.86','2677.04','768.104','3.22886','7200','0','0','1','0','0','0','33554432','0','0'),
( NULL,'144996','959','5918','5918','4','1','0','0','3726.92','2673.74','768.103','2.84489','7200','0','0','1','0','0','0','33554432','0','0'),
( NULL,'144996','959','5918','5918','4','1','0','0','3725.49','2670.85','768.104','2.51327','7200','0','0','1','0','0','0','33554432','0','0'),
( NULL,'144996','959','5918','5918','4','1','0','0','3718.19','2672.7','768.101','4.29351','7200','0','0','1','0','0','0','33554432','0','0'),
( NULL,'144996','959','5918','5918','4','1','0','0','3719.19','2671.04','768.099','4.67748','7200','0','0','1','0','0','0','33554432','0','0');

REPLACE INTO `creature_template` VALUES ('144997','0','0','0','0','0','0','0','0','0','0','0','0','41121','0','0','0','Taran Zhu','',NULL,'0','93','93','4','0','16','16','2','1','1.14286','1.14286','1','0','28446','37104','0','0','6','2000','2000','0','32832','0','0','0','0','0','0','0','0','0','0','0','0','0','144997','0','0','0','0','0','0','0','0','0','0','0','0','0','0','0','0','0','0','0','0','','0','3','1','30','1','1','1','0','0','0','0','0','0','0','0','1','0','0','0','boss_taran_zhu','1');

DELETE FROM `creature` WHERE `id`=144997;
INSERT INTO `creature` VALUES
( NULL,'144997','959','5918','6122','4','1','0','0','3880.09','2585.78','757.284','2.07694','7200','0','0','1','0','0','0','32832','0','0'),
( NULL,'144997','959','5918','6122','4','1','0','0','3871.62','2602.93','754.543','2.04969','300','0','0','1','0','0','0','0','0','0');

REPLACE INTO `creature_template` VALUES ('144998','0','0','0','0','0','0','0','0','0','0','0','0','40884','0','0','0','Volatile Energy','',NULL,'0','93','93','4','0','16','16','0','1','1.14286','1.14286','1','0','19676','28662','0','84592','2','2000','2000','0','0','0','0','0','0','0','0','0','0','0','0','0','0','0','144998','0','0','0','0','0','0','0','0','0','0','0','0','0','0','0','0','0','0','0','0','','0','3','1','2','1','1','1','0','0','0','0','0','0','0','0','1','0','0','0','','1');

DELETE FROM `creature` WHERE `id`=144998;
INSERT INTO `creature` VALUES
( NULL,'144998','959','5918','5918','4','1','0','0','3912.98','3098.32','776.444','0','7200','0','0','1','0','0','0','32768','0','0'),
( NULL,'144998','959','5918','5918','4','1','0','0','3920.05','3102.7','776.347','6.25463','7200','0','0','1','0','0','0','32768','0','0'),
( NULL,'144998','959','5918','5918','4','1','0','0','3908.55','3105.87','775.407','0','7200','0','0','1','0','0','0','32768','0','0'),
( NULL,'144998','959','5918','5918','4','1','0','0','3881.42','3127.44','775.2','0','7200','0','0','1','0','0','0','32768','0','0'),
( NULL,'144998','959','5918','5918','4','1','0','0','3861.66','3143.9','786.68','0','7200','0','0','1','0','0','0','32768','0','0'),
( NULL,'144998','959','5918','5918','4','1','0','0','3937.22','3051.9','780.637','0','7200','0','0','1','0','0','0','32768','0','0'),
( NULL,'144998','959','5918','5918','4','1','0','0','3828.18','3227.7','795.614','0','7200','0','0','1','0','0','0','32768','0','0'),
( NULL,'144998','959','5918','5918','4','1','0','0','3832.33','3175.11','795.527','2.56516','7200','0','0','1','0','0','0','32768','0','0'),
( NULL,'144998','959','5918','5918','4','1','0','0','3773.05','3188.56','809.057','3.29592','7200','0','0','1','0','0','0','32768','0','0'),
( NULL,'144998','959','5918','5918','4','1','0','0','3723.64','3219.58','812.175','1.61924','7200','0','0','1','0','0','0','32768','0','0'),
( NULL,'144998','959','5918','5918','4','1','0','0','3811.78','3160.69','795.528','2.65967','7200','0','0','1','0','0','0','32768','0','0'),
( NULL,'144998','959','5918','5918','4','1','0','0','3954.07','3060.88','779.857','0','7200','0','0','1','0','0','0','32768','0','0'),
( NULL,'144998','959','5918','5918','4','1','0','0','3965.97','3079.51','781.391','0','7200','0','0','1','0','0','0','32768','0','0'),
( NULL,'144998','959','5918','5918','4','1','0','0','3980.22','2981.08','780.009','0.154346','7200','0','0','1','0','0','0','32768','0','0'),
( NULL,'144998','959','5918','5918','4','1','0','0','3826.03','3162.56','795.527','4.92612','7200','0','0','1','0','0','0','32768','0','0'),
( NULL,'144998','959','5918','5918','4','1','0','0','3977.98','2980.71','780.092','0','7200','0','0','1','0','0','0','32768','0','0'),
( NULL,'144998','959','5918','5918','4','1','0','0','3977.97','2980.75','780.092','0','7200','0','0','1','0','0','0','32768','0','0'),
( NULL,'144998','959','5918','5918','4','1','0','0','3977.95','2980.75','780.092','0','7200','0','0','1','0','0','0','32768','0','0'),
( NULL,'144998','959','5918','5918','4','1','0','0','3994.89','3048.61','782.668','0','7200','0','0','1','0','0','0','32768','0','0'),
( NULL,'144998','959','5918','5918','4','1','0','0','3981.6','3068.06','783.62','0','7200','0','0','1','0','0','0','32768','0','0'),
( NULL,'144998','959','5918','5918','4','1','0','0','3961.99','3044.99','779.857','0','7200','0','0','1','0','0','0','32768','0','0'),
( NULL,'144998','959','5918','5918','4','1','0','0','3977.98','2980.77','780.092','0','7200','0','0','1','0','0','0','32768','0','0'),
( NULL,'144998','959','5918','5918','4','1','0','0','3939.31','3030.31','781.903','0','7200','0','0','1','0','0','0','32768','0','0');

REPLACE INTO `creature_template` VALUES ('144999','0','0','0','0','0','0','0','0','0','0','0','0','40687','0','0','0','Destroying Sha','',NULL,'0','93','93','4','0','16','16','0','1','1.14286','1.14286','1','0','0','0','0','0','6','2000','2000','0','32832','0','0','0','0','0','0','0','0','0','0','0','0','0','144999','0','0','0','0','0','0','0','0','0','0','0','0','0','0','0','0','0','0','0','0','','0','3','1','4','1','1','1','0','0','0','0','0','0','0','0','1','0','0','0','','1');

DELETE FROM `creature` WHERE `id`=144999;
INSERT INTO `creature` VALUES
( NULL,'144999','959','5918','5918','4','1','0','0','3725.74','3211.71','811.288','5.50615','7200','0','0','1','0','0','0','32832','0','0'),
( NULL,'144999','959','5918','5918','4','1','0','0','3726.68','3205.56','811.385','0.304652','7200','0','0','1','0','0','0','32832','0','0'),
( NULL,'144999','959','5918','5918','4','1','0','0','3694.62','3181.33','813.08','4.88375','7200','0','0','1','0','0','0','32832','0','0'),
( NULL,'144999','959','5918','5918','4','1','0','0','3694.27','3174.6','812.925','1.93997','7200','0','0','1','0','0','0','32832','0','0'),
( NULL,'144999','959','5918','5918','4','1','0','0','3931.46','3079.21','776.365','6.0634','7200','0','0','1','0','0','0','32832','0','0'),
( NULL,'144999','959','5918','5918','4','1','0','0','3739.63','3167.65','811.654','2.1901','7200','0','0','1','0','0','0','32832','0','0'),
( NULL,'144999','959','5918','5918','4','1','0','0','4071.91','2925','780.009','3.25187','7200','0','0','1','0','0','0','33587264','0','0'),
( NULL,'144999','959','5918','5918','4','1','0','0','4069.58','2925.11','780.009','2.43666','7200','0','0','1','0','0','0','33587264','0','0'),
( NULL,'144999','959','5918','5918','4','1','0','0','3934.94','3088.18','776.364','1.50483','7200','0','0','1','0','0','0','32832','0','0'),
( NULL,'144999','959','5918','5918','4','1','0','0','3734.38','3247.85','807.792','0.438751','7200','0','0','1','0','0','0','32832','0','0'),
( NULL,'144999','959','5918','5918','4','1','0','0','3776.42','3213.15','806.024','5.38716','7200','0','0','1','0','0','0','32832','0','0'),
( NULL,'144999','959','5918','5918','4','1','0','0','3828.39','3212.16','795.613','0','7200','0','0','1','0','0','0','32832','0','0');

REPLACE INTO `creature_template` VALUES ('145000','0','0','0','0','0','0','0','0','0','0','0','0','40625','0','0','0','Consuming Sha','',NULL,'0','93','93','4','0','16','16','0','1','1.14286','1.14286','1','0','0','0','0','0','6','2000','2000','0','32832','0','0','0','0','0','0','0','0','0','0','0','0','0','145000','0','0','0','0','0','0','0','0','0','0','0','0','0','0','0','0','0','0','0','0','','0','3','1','4','1','1','1','0','0','0','0','0','0','0','0','1','0','0','0','','1');

DELETE FROM `creature` WHERE `id`=145000;
INSERT INTO `creature` VALUES
( NULL,'145000','959','5918','5918','4','1','0','0','3835.06','3218.09','795.614','0','7200','0','0','1','0','0','0','32832','0','0'),
( NULL,'145000','959','5918','5918','4','1','0','0','3725.02','3203.6','811.36','0.434053','7200','0','0','1','0','0','0','32832','0','0'),
( NULL,'145000','959','5918','5918','4','1','0','0','3818.58','3233.87','795.613','0','7200','0','0','1','0','0','0','32832','0','0'),
( NULL,'145000','959','5918','5918','4','1','0','0','3769.62','3203.68','806.024','0.214808','7200','0','0','1','0','0','0','32832','0','0'),
( NULL,'145000','959','5918','5918','4','1','0','0','3738.67','3240.69','806.039','0.192617','7200','0','0','1','0','0','0','32832','0','0'),
( NULL,'145000','959','5918','5918','4','1','0','0','3770.46','3189.69','808.418','5.01067','7200','0','0','1','0','0','0','32832','0','0'),
( NULL,'145000','959','5918','5918','4','1','0','0','3720.83','3162.5','812.871','4.58051','7200','0','0','1','0','0','0','32832','0','0'),
( NULL,'145000','959','5918','5918','4','1','0','0','3696.46','3162.01','812.92','0','7200','0','0','1','0','0','0','32832','0','0'),
( NULL,'145000','959','5918','5918','4','1','0','0','3720.76','3163.17','812.849','0','7200','0','0','1','0','0','0','32832','0','0');

REPLACE INTO `creature_template` VALUES ('145001','0','0','0','0','0','0','0','0','0','0','0','0','39492','0','0','0','Azure Serpent','',NULL,'0','93','93','4','0','2102','2102','0','1','1.14286','1.14286','1','0','0','0','0','0','6','2000','2000','0','32768','0','0','0','0','0','0','0','0','0','0','0','0','0','145001','0','0','0','0','0','0','0','0','0','0','0','0','0','0','0','0','0','0','0','0','','0','3','1','12','1','1','1','0','0','0','0','0','0','0','0','1','0','0','0','npc_azure_serpent','1');

DELETE FROM `creature` WHERE `id`=145001;
INSERT INTO `creature` VALUES ( NULL,'145001','959','5918','5918','4','1','0','0','3829.2','2927.29','704.715','5.34088','7200','0','0','1','0','0','0','32768','0','0');

REPLACE INTO `creature_template` VALUES ('145002','0','0','0','0','0','0','0','0','0','0','0','0','39489','0','0','0','Gu Cloudstrike','',NULL,'0','93','93','4','0','14','14','0','1','1.14286','1.14286','1','0','7592','16578','0','84592','2','2000','2000','0','0','0','0','0','0','0','0','0','0','0','0','0','0','0','145002','0','0','0','0','0','0','0','0','0','0','0','0','0','0','0','0','0','0','0','0','','0','3','1','28','1','1','1','0','0','0','0','0','0','0','0','1','0','617299803','1','boss_gu_cloudstrike','1');

DELETE FROM `creature` WHERE `id`=145002;
INSERT INTO `creature` VALUES ( NULL,'145002','959','5918','5918','4','1','0','0','3722.51','2674.14','768.119','3.61301','7200','0','0','1','0','0','0','0','0','0');

REPLACE INTO `creature_template` VALUES ('145003','0','0','0','0','0','0','0','0','0','0','0','0','43283','0','0','0','Sha of Violence','',NULL,'0','93','93','4','0','16','16','0','1','1.14286','1.14286','1','0','34446','50466','0','0','6','2000','2000','0','32832','0','0','0','0','0','0','0','0','0','0','0','0','0','145003','0','0','0','0','0','0','0','0','0','0','0','0','0','0','0','0','0','0','0','0','','0','3','1','35','1','1','1','0','0','0','0','0','0','0','0','1','0','583745375','0','boss_sha_of_violence','1');

DELETE FROM `creature` WHERE `id`=145003;
INSERT INTO `creature` VALUES ( NULL,'145003','959','5918','5918','4','1','0','0','3997.14','2904.95','770.308','1.82839','300','0','0','1','0','0','0','0','0','0');

REPLACE INTO `creature_template` VALUES ('145004','0','0','0','0','0','0','0','0','0','0','0','0','46071','0','0','0','Master Snowdrift','',NULL,'0','93','93','4','0','16','16','0','1','1.14286','1.14286','1','0','28844','33110','0','0','6','2000','2000','0','0','0','0','0','0','0','0','0','0','0','0','0','0','0','145004','0','0','0','0','0','0','0','0','0','0','0','0','0','0','0','0','0','0','0','0','','0','3','1','35','1','1','1','0','0','0','0','0','0','0','0','1','0','617299803','1','boss_master_snowdrift','1');

DELETE FROM `creature` WHERE `id`=145004;
INSERT INTO `creature` VALUES
( NULL,'145004','959','5918','5918','4','1','0','0','3713.44','3091.42','817.403','4.08407','7200','0','0','1','0','0','0','0','0','0'),
( NULL,'145004','959','5918','5918','4','1','0','0','3713.44','3091.42','817.403','4.08407','7200','0','0','1','0','0','0','0','0','0');

REPLACE INTO `creature_template` VALUES ('145005','0','0','0','0','0','0','0','0','0','0','0','0','10990','38615','0','0','Shado-pan Referee','',NULL,'0','93','93','4','0','14','14','0','1','1.14286','1.14286','1','0','7592','16578','0','84592','6','2000','2000','0','256','0','0','0','0','0','0','0','0','0','0','0','0','0','145005','0','0','0','0','0','0','0','0','0','0','0','0','0','0','0','0','0','0','0','0','','0','3','1','1','1','1','1','0','0','0','0','0','0','0','0','1','0','0','0','','1');

DELETE FROM `creature` WHERE `id`=145005;
INSERT INTO `creature` VALUES ( NULL,'145005','959','5918','5918','4','1','0','0','3659.06','3015.3','804.745','0.942478','7200','0','0','1','0','0','0','256','0','0');

REPLACE INTO `creature_template` VALUES ('145006','0','0','0','0','0','0','0','0','0','0','0','0','38615','38615','0','0','Position','',NULL,'0','93','93','4','0','14','14','0','1','1.14286','1.14286','1','0','7592','16578','0','84592','6','2000','2000','0','256','0','0','0','0','0','0','0','0','0','0','0','0','0','145006','0','0','0','0','0','0','0','0','0','0','0','0','0','0','0','0','0','0','0','0','','0','3','1','1','1','1','1','0','0','0','0','0','0','0','0','1','0','0','0','','1');

DELETE FROM `creature` WHERE `id`=145006;
INSERT INTO `creature` VALUES
( NULL,'145006','959','5918','5918','4','1','0','0','3640.81','3013.26','804.301','0.0872665','7200','0','0','1','0','0','0','256','0','0'),
( NULL,'145006','959','5918','5918','4','1','0','0','3659.08','3015.39','804.745','0.942478','7200','0','0','1','0','0','0','256','0','0'),
( NULL,'145006','959','5918','5918','4','1','0','0','3668.02','2998.53','804.301','2.09439','7200','0','0','1','0','0','0','256','0','0'),
( NULL,'145006','959','5918','5918','4','1','0','0','3641.46','3010.64','804.301','0.244346','7200','0','0','1','0','0','0','256','0','0'),
( NULL,'145006','959','5918','5918','4','1','0','0','3640.56','3016.13','804.301','6.21337','7200','0','0','1','0','0','0','256','0','0'),
( NULL,'145006','959','5918','5918','4','1','0','0','3676.65','3017.3','804.301','3.24631','7200','0','0','1','0','0','0','256','0','0'),
( NULL,'145006','959','5918','5918','4','1','0','0','3640.44','3018.64','804.301','6.07375','7200','0','0','1','0','0','0','256','0','0'),
( NULL,'145006','959','5918','5918','4','1','0','0','3646.4','3024.52','804.679','5.65487','7200','0','0','1','0','0','0','256','0','0'),
( NULL,'145006','959','5918','5918','4','1','0','0','3665.42','2997.93','804.301','1.95477','7200','0','0','1','0','0','0','256','0','0'),
( NULL,'145006','959','5918','5918','4','1','0','0','3680.15','3023.08','804.301','4.06662','7200','0','0','1','0','0','0','256','0','0'),
( NULL,'145006','959','5918','5918','4','1','0','0','3636.71','3021.36','804.301','5.65487','7200','0','0','1','0','0','0','256','0','0'),
( NULL,'145006','959','5918','5918','4','1','0','0','3675.41','3023.17','804.301','3.57792','7200','0','0','1','0','0','0','256','0','0'),
( NULL,'145006','959','5918','5918','4','1','0','0','3682.78','3021.06','804.301','4.06662','7200','0','0','1','0','0','0','256','0','0'),
( NULL,'145006','959','5918','5918','4','1','0','0','3634.97','3018.46','804.301','5.65487','7200','0','0','1','0','0','0','256','0','0'),
( NULL,'145006','959','5918','5918','4','1','0','0','3676.13','3020.28','804.301','3.42085','7200','0','0','1','0','0','0','256','0','0'),
( NULL,'145006','959','5918','5918','4','1','0','0','3635.09','3009.65','804.301','0.925025','7200','0','0','1','0','0','0','256','0','0'),
( NULL,'145006','959','5918','5918','4','1','0','0','3677.13','3014.33','804.301','3.08923','7200','0','0','1','0','0','0','256','0','0'),
( NULL,'145006','959','5918','5918','4','1','0','0','3671.5','2996.79','804.301','2.51327','7200','0','0','1','0','0','0','256','0','0'),
( NULL,'145006','959','5918','5918','4','1','0','0','3669.29','2994.17','804.301','2.53073','7200','0','0','1','0','0','0','256','0','0'),
( NULL,'145006','959','5918','5918','4','1','0','0','3660.58','2991.6','804.301','0.925025','7200','0','0','1','0','0','0','256','0','0'),
( NULL,'145006','959','5918','5918','4','1','0','0','3658.03','2993.08','804.301','0.925025','7200','0','0','1','0','0','0','256','0','0'),
( NULL,'145006','959','5918','5918','4','1','0','0','3655.87','2994.63','804.301','0.942478','7200','0','0','1','0','0','0','256','0','0'),
( NULL,'145006','959','5918','5918','4','1','0','0','3653.33','2996.27','804.301','0.942478','7200','0','0','1','0','0','0','256','0','0'),
( NULL,'145006','959','5918','5918','4','1','0','0','3643.01','3003.74','804.301','0.959931','7200','0','0','1','0','0','0','256','0','0'),
( NULL,'145006','959','5918','5918','4','1','0','0','3640.56','3005.48','804.301','0.959931','7200','0','0','1','0','0','0','256','0','0'),
( NULL,'145006','959','5918','5918','4','1','0','0','3637.71','3007.63','804.301','0.925025','7200','0','0','1','0','0','0','256','0','0'),
( NULL,'145006','959','5918','5918','4','1','0','0','3642.07','3007.95','804.301','0.401426','7200','0','0','1','0','0','0','256','0','0'),
( NULL,'145006','959','5918','5918','4','1','0','0','3643.07','3005.34','804.301','0.558505','7200','0','0','1','0','0','0','256','0','0'),
( NULL,'145006','959','5918','5918','4','1','0','0','3683.09','3012.87','804.301','2.51327','7200','0','0','1','0','0','0','256','0','0'),
( NULL,'145006','959','5918','5918','4','1','0','0','3662.65','2997.63','804.301','1.79769','7200','0','0','1','0','0','0','256','0','0'),
( NULL,'145006','959','5918','5918','4','1','0','0','3659.94','2997.27','804.301','1.64061','7200','0','0','1','0','0','0','256','0','0'),
( NULL,'145006','959','5918','5918','4','1','0','0','3657.04','2996.85','804.301','1.48353','7200','0','0','1','0','0','0','256','0','0'),
( NULL,'145006','959','5918','5918','4','1','0','0','3654.17','2997.31','804.301','1.32645','7200','0','0','1','0','0','0','256','0','0'),
( NULL,'145006','959','5918','5918','4','1','0','0','3677.56','3011.37','804.301','2.94961','7200','0','0','1','0','0','0','256','0','0'),
( NULL,'145006','959','5918','5918','4','1','0','0','3681.22','3010.18','804.301','2.51327','7200','0','0','1','0','0','0','256','0','0'),
( NULL,'145006','959','5918','5918','4','1','0','0','3677.58','3025.08','804.301','4.08407','7200','0','0','1','0','0','0','256','0','0'),
( NULL,'145006','959','5918','5918','4','1','0','0','3674.15','3026.05','804.301','3.735','7200','0','0','1','0','0','0','256','0','0'),
( NULL,'145006','959','5918','5918','4','1','0','0','3698.89','3096.13','817.403','4.67748','7200','0','0','1','0','0','0','256','0','0'),
( NULL,'145006','959','5918','5918','4','1','0','0','3685.2','3069.76','816.284','0.436332','7200','0','0','1','0','0','0','256','0','0'),
( NULL,'145006','959','5918','5918','4','1','0','0','3678.13','3074.6','816.284','0.15708','7200','0','0','1','0','0','0','256','0','0'),
( NULL,'145006','959','5918','5918','4','1','0','0','3671.05','3079.68','816.284','6.26573','7200','0','0','1','0','0','0','256','0','0'),
( NULL,'145006','959','5918','5918','4','1','0','0','3676.55','3087.54','816.284','5.98648','7200','0','0','1','0','0','0','256','0','0'),
( NULL,'145006','959','5918','5918','4','1','0','0','3682.18','3095.41','816.284','5.65487','7200','0','0','1','0','0','0','256','0','0'),
( NULL,'145006','959','5918','5918','4','1','0','0','3687.7','3103','816.284','5.32325','7200','0','0','1','0','0','0','256','0','0'),
( NULL,'145006','959','5918','5918','4','1','0','0','3721.76','3079.01','817.403','3.57792','7200','0','0','1','0','0','0','256','0','0'),
( NULL,'145006','959','5918','5918','4','1','0','0','3683.37','3087.66','815.706','0','7200','0','0','1','0','0','0','256','0','0'),
( NULL,'145006','959','5918','5918','4','1','0','0','3694.82','3065.56','816.284','0.942478','7200','0','0','1','0','0','0','256','0','0'),
( NULL,'145006','959','5918','5918','4','1','0','0','3719.42','3062.31','815.706','1.88496','7200','0','0','1','0','0','0','256','0','0'),
( NULL,'145006','959','5918','5918','4','1','0','0','3725.69','3083.97','817.403','2.87979','7200','0','0','1','0','0','0','256','0','0'),
( NULL,'145006','959','5918','5918','4','1','0','0','3700.19','3099.28','817.403','5.33242','7200','0','0','1','0','0','0','256','0','0'),
( NULL,'145006','959','5918','5918','4','1','0','0','3715.84','3103.94','817.403','4.34587','7200','0','0','1','0','0','0','256','0','0'),
( NULL,'145006','959','5918','5918','4','1','0','0','3671.85','3006.39','804.679','2.51327','7200','0','0','1','0','0','0','256','0','0'),
( NULL,'145006','959','5918','5918','4','1','0','0','3719.59','3100.15','817.403','4.08407','7200','0','0','1','0','0','0','256','0','0'),
( NULL,'145006','959','5918','5918','4','1','0','0','3723.82','3097.91','817.403','3.82227','7200','0','0','1','0','0','0','256','0','0'),
( NULL,'145006','959','5918','5918','4','1','0','0','3693.59','3063.72','816.284','1.0472','7200','0','0','1','0','0','0','256','0','0'),
( NULL,'145006','959','5918','5918','4','1','0','0','3701.89','3057.74','816.284','1.43117','7200','0','0','1','0','0','0','256','0','0'),
( NULL,'145006','959','5918','5918','4','1','0','0','3708.9','3053.08','816.284','1.72788','7200','0','0','1','0','0','0','256','0','0'),
( NULL,'145006','959','5918','5918','4','1','0','0','3675.18','3026.89','804.301','4.08407','7200','0','0','1','0','0','0','256','0','0'),
( NULL,'145006','959','5918','5918','4','1','0','0','3648.46','3031.57','804.301','5.25344','7200','0','0','1','0','0','0','256','0','0'),
( NULL,'145006','959','5918','5918','4','1','0','0','3651.47','3032.63','804.301','5.07891','7200','0','0','1','0','0','0','256','0','0'),
( NULL,'145006','959','5918','5918','4','1','0','0','3654.27','3033.1','804.301','4.93928','7200','0','0','1','0','0','0','256','0','0'),
( NULL,'145006','959','5918','5918','4','1','0','0','3663.77','3033.46','804.301','4.41568','7200','0','0','1','0','0','0','256','0','0'),
( NULL,'145006','959','5918','5918','4','1','0','0','3657.5','3033.46','804.301','4.74729','7200','0','0','1','0','0','0','256','0','0'),
( NULL,'145006','959','5918','5918','4','1','0','0','3660.63','3033.71','804.301','4.59022','7200','0','0','1','0','0','0','256','0','0'),
( NULL,'145006','959','5918','5918','4','1','0','0','3664.35','3034.39','804.301','4.08407','7200','0','0','1','0','0','0','256','0','0'),
( NULL,'145006','959','5918','5918','4','1','0','0','3646.22','3034.4','804.301','5.67232','7200','0','0','1','0','0','0','256','0','0'),
( NULL,'145006','959','5918','5918','4','1','0','0','3662.04','3036.03','804.301','4.08407','7200','0','0','1','0','0','0','256','0','0'),
( NULL,'145006','959','5918','5918','4','1','0','0','3715.93','3047.7','816.284','1.90241','7200','0','0','1','0','0','0','256','0','0'),
( NULL,'145006','959','5918','5918','4','1','0','0','3721.31','3055.51','816.284','2.18166','7200','0','0','1','0','0','0','256','0','0'),
( NULL,'145006','959','5918','5918','4','1','0','0','3727.03','3063.39','816.284','2.51327','7200','0','0','1','0','0','0','256','0','0'),
( NULL,'145006','959','5918','5918','4','1','0','0','3732.4','3071.09','816.284','2.84489','7200','0','0','1','0','0','0','256','0','0'),
( NULL,'145006','959','5918','5918','4','1','0','0','3659.72','3037.73','804.301','4.06662','7200','0','0','1','0','0','0','256','0','0'),
( NULL,'145006','959','5918','5918','4','1','0','0','3657.27','3039.43','804.301','4.06662','7200','0','0','1','0','0','0','256','0','0'),
( NULL,'145006','959','5918','5918','4','1','0','0','3648.35','3037.33','804.301','5.67232','7200','0','0','1','0','0','0','256','0','0'),
( NULL,'145006','959','5918','5918','4','1','0','0','3718.04','3097.98','817.403','4.06662','7200','0','0','1','0','0','0','256','0','0');

REPLACE INTO `creature_template` VALUES ('145007','0','0','0','0','0','0','0','0','0','0','0','0','4588','0','0','0','Earth Elemental Totem','',NULL,'0','93','93','4','0','35','35','0','1','1.14286','1.14286','1','0','844','1172','0','1284','6','2000','2000','0','0','2048','0','0','0','0','0','0','0','0','0','0','0','0','145007','0','0','0','0','0','0','0','0','0','0','0','0','0','0','0','0','0','0','0','0','','0','3','1','1.3','1','1','1','0','0','0','0','0','0','0','0','1','0','0','0','','1');

DELETE FROM `creature` WHERE `id`=145007;
INSERT INTO `creature` VALUES ( NULL,'145007','959','5918','6122','4','1','0','0','3866.85','2589.65','755.18','3.24408','7200','0','0','1','0','0','0','2056','0','0');


-- Loots

-- Gu Cloudstrike
DELETE FROM `creature_loot_template` WHERE `entry` IN (145002, 145003, 145004, 144997);
INSERT INTO `creature_loot_template` VALUES
( '	','81110','18','1','0','1','1'),
( '145002','81092','18','1','0','1','1'),
( '145002','81086','18','1','0','1','1'),
( '145002','81180','17','1','0','1','1'),
( '145002','81179','17','1','0','1','1'),
-- Master Snowdrift
( '145004','81182','17','1','0','1','1'),
( '145004','81101','17','1','0','1','1'),
( '145004','81181','17','1','0','1','1'),
( '145004','81087','17','1','0','1','1'),
( '145004','81108','17','1','0','1','1'),
-- Sha of Violence
( '145003','81182','17','1','0','1','1'),
( '145003','81101','17','1','0','1','1'),
( '145003','81181','17','1','0','1','1'),
( '145003','81087','17','1','0','1','1'),
( '145003','81108','17','1','0','1','1'),
-- Taran Zhu
( '144997','81187','17','1','0','1','1'),
( '144997','81189','17','1','0','1','1'),
( '144997','81099','17','1','0','1','1'),
( '144997','81096','17','1','0','1','1'),
( '144997','81107','17','1','0','1','1'),
( '144997','81114','16','1','0','1','1'),
( '144997','81093','16','1','0','1','1'),
( '144997','81103','16','1','0','1','1'),
( '144997','81188','16','1','0','1','1'),
( '144997','81186','16','1','0','1','1'),
( '144997','87543','0.4','1','0','1','1');