-- Temple Of Jade Serpent SpawnMasks for Objects
UPDATE gameobject SET spawnMask='6' WHERE map='960';

-- Correct Status Of Heroic Version Creatures

REPLACE INTO `creature_template`(`entry`,`difficulty_entry_1`,`difficulty_entry_2`,`difficulty_entry_3`,`difficulty_entry_4`,`difficulty_entry_5`,`difficulty_entry_6`,`difficulty_entry_7`,`difficulty_entry_8`,`difficulty_entry_9`,`difficulty_entry_10`,`KillCredit1`,`KillCredit2`,`modelid1`,`modelid2`,`modelid3`,`modelid4`,`name`,`subname`,`IconName`,`gossip_menu_id`,`minlevel`,`maxlevel`,`exp`,`exp_unk`,`faction_A`,`faction_H`,`npcflag`,`speed_walk`,`speed_run`,`speed_fly`,`scale`,`rank`,`mindmg`,`maxdmg`,`dmgschool`,`attackpower`,`dmg_multiplier`,`baseattacktime`,`rangeattacktime`,`unit_class`,`unit_flags`,`unit_flags2`,`dynamicflags`,`family`,`trainer_type`,`trainer_spell`,`trainer_class`,`trainer_race`,`minrangedmg`,`maxrangedmg`,`rangedattackpower`,`type`,`type_flags`,`type_flags2`,`lootid`,`pickpocketloot`,`skinloot`,`resistance1`,`resistance2`,`resistance3`,`resistance4`,`resistance5`,`resistance6`,`spell1`,`spell2`,`spell3`,`spell4`,`spell5`,`spell6`,`spell7`,`spell8`,`PetSpellDataId`,`VehicleId`,`mingold`,`maxgold`,`AIName`,`MovementType`,`InhabitType`,`HoverHeight`,`Health_mod`,`Mana_mod`,`Mana_mod_extra`,`Armor_mod`,`RacialLeader`,`questItem1`,`questItem2`,`questItem3`,`questItem4`,`questItem5`,`questItem6`,`movementId`,`RegenHealth`,`equipment_id`,`mechanic_immune_mask`,`flags_extra`,`ScriptName`,`WDBVerified`) VALUES ('144954','0','0','0','0','0','0','0','0','0','0','0','0','0','11686','0','0','East Temple - Corrupted Waters Stalker - MW','',NULL,'0','93','93','4','0','14','14','0','1','1.14286','1.14286','1','0','19676','28662','0','84592','2','2000','2000','0','33554432','2048','0','0','0','0','0','0','0','0','0','0','0','0','144954','0','0','0','0','0','0','0','0','0','0','0','0','0','0','0','0','0','0','0','0','','0','3','1','1','1','1','1','0','0','0','0','0','0','0','0','1','0','0','128','','1');

INSERT INTO `creature`(`guid`,`id`,`map`,`zoneId`,`areaId`,`spawnMask`,`phaseMask`,`modelid`,`equipment_id`,`position_x`,`position_y`,`position_z`,`orientation`,`spawntimesecs`,`spawndist`,`currentwaypoint`,`curhealth`,`curmana`,`MovementType`,`npcflag`,`unit_flags`,`dynamicflags`,`isActive`) VALUES ( NULL,'144954','960','5956','6117','4','1','0','0','1046.94','-2560.61','174.955','1.28582','7200','0','0','1','0','0','0','33554432','0','0');

REPLACE INTO `creature_template`(`entry`,`difficulty_entry_1`,`difficulty_entry_2`,`difficulty_entry_3`,`difficulty_entry_4`,`difficulty_entry_5`,`difficulty_entry_6`,`difficulty_entry_7`,`difficulty_entry_8`,`difficulty_entry_9`,`difficulty_entry_10`,`KillCredit1`,`KillCredit2`,`modelid1`,`modelid2`,`modelid3`,`modelid4`,`name`,`subname`,`IconName`,`gossip_menu_id`,`minlevel`,`maxlevel`,`exp`,`exp_unk`,`faction_A`,`faction_H`,`npcflag`,`speed_walk`,`speed_run`,`speed_fly`,`scale`,`rank`,`mindmg`,`maxdmg`,`dmgschool`,`attackpower`,`dmg_multiplier`,`baseattacktime`,`rangeattacktime`,`unit_class`,`unit_flags`,`unit_flags2`,`dynamicflags`,`family`,`trainer_type`,`trainer_spell`,`trainer_class`,`trainer_race`,`minrangedmg`,`maxrangedmg`,`rangedattackpower`,`type`,`type_flags`,`type_flags2`,`lootid`,`pickpocketloot`,`skinloot`,`resistance1`,`resistance2`,`resistance3`,`resistance4`,`resistance5`,`resistance6`,`spell1`,`spell2`,`spell3`,`spell4`,`spell5`,`spell6`,`spell7`,`spell8`,`PetSpellDataId`,`VehicleId`,`mingold`,`maxgold`,`AIName`,`MovementType`,`InhabitType`,`HoverHeight`,`Health_mod`,`Mana_mod`,`Mana_mod_extra`,`Armor_mod`,`RacialLeader`,`questItem1`,`questItem2`,`questItem3`,`questItem4`,`questItem5`,`questItem6`,`movementId`,`RegenHealth`,`equipment_id`,`mechanic_immune_mask`,`flags_extra`,`ScriptName`,`WDBVerified`) VALUES ('144955','0','0','0','0','0','0','0','0','0','0','0','0','43541','0','0','0','Master Windstrong','',NULL,'0','93','93','4','0','35','35','2','1','1.14286','1.14286','1','0','10862','12856','0','41506','2','2000','2000','0','32768','2048','0','0','0','0','0','0','0','0','0','0','0','0','144955','0','0','0','0','0','0','0','0','0','0','0','0','0','0','0','0','0','0','0','0','','0','3','1','1','1','1','1','0','0','0','0','0','0','0','0','1','0','0','0','','1');

INSERT INTO `creature`(`guid`,`id`,`map`,`zoneId`,`areaId`,`spawnMask`,`phaseMask`,`modelid`,`equipment_id`,`position_x`,`position_y`,`position_z`,`orientation`,`spawntimesecs`,`spawndist`,`currentwaypoint`,`curhealth`,`curmana`,`MovementType`,`npcflag`,`unit_flags`,`dynamicflags`,`isActive`) VALUES ( NULL,'144955','960','5956','5956','4','1','0','0','956.446','-2513.11','180.493','2.97305','7200','0','0','1','0','0','2','32768','0','0');

REPLACE INTO `creature_template`(`entry`,`difficulty_entry_1`,`difficulty_entry_2`,`difficulty_entry_3`,`difficulty_entry_4`,`difficulty_entry_5`,`difficulty_entry_6`,`difficulty_entry_7`,`difficulty_entry_8`,`difficulty_entry_9`,`difficulty_entry_10`,`KillCredit1`,`KillCredit2`,`modelid1`,`modelid2`,`modelid3`,`modelid4`,`name`,`subname`,`IconName`,`gossip_menu_id`,`minlevel`,`maxlevel`,`exp`,`exp_unk`,`faction_A`,`faction_H`,`npcflag`,`speed_walk`,`speed_run`,`speed_fly`,`scale`,`rank`,`mindmg`,`maxdmg`,`dmgschool`,`attackpower`,`dmg_multiplier`,`baseattacktime`,`rangeattacktime`,`unit_class`,`unit_flags`,`unit_flags2`,`dynamicflags`,`family`,`trainer_type`,`trainer_spell`,`trainer_class`,`trainer_race`,`minrangedmg`,`maxrangedmg`,`rangedattackpower`,`type`,`type_flags`,`type_flags2`,`lootid`,`pickpocketloot`,`skinloot`,`resistance1`,`resistance2`,`resistance3`,`resistance4`,`resistance5`,`resistance6`,`spell1`,`spell2`,`spell3`,`spell4`,`spell5`,`spell6`,`spell7`,`spell8`,`PetSpellDataId`,`VehicleId`,`mingold`,`maxgold`,`AIName`,`MovementType`,`InhabitType`,`HoverHeight`,`Health_mod`,`Mana_mod`,`Mana_mod_extra`,`Armor_mod`,`RacialLeader`,`questItem1`,`questItem2`,`questItem3`,`questItem4`,`questItem5`,`questItem6`,`movementId`,`RegenHealth`,`equipment_id`,`mechanic_immune_mask`,`flags_extra`,`ScriptName`,`WDBVerified`) VALUES ('144956','0','0','0','0','0','0','0','0','0','0','0','0','169','11686','0','0','SLG Generic MoP','',NULL,'0','93','93','4','0','14','14','0','1','1.14286','1.14286','1','0','19676','28662','0','84592','6','2000','2000','0','33555200','2048','0','0','0','0','0','0','0','0','0','0','0','0','144956','0','0','0','0','0','0','0','0','0','0','0','0','0','0','0','0','0','0','0','0','','0','3','1','1','1','1','1','0','0','0','0','0','0','0','0','1','0','0','0','','1');

INSERT INTO `creature`(`guid`,`id`,`map`,`zoneId`,`areaId`,`spawnMask`,`phaseMask`,`modelid`,`equipment_id`,`position_x`,`position_y`,`position_z`,`orientation`,`spawntimesecs`,`spawndist`,`currentwaypoint`,`curhealth`,`curmana`,`MovementType`,`npcflag`,`unit_flags`,`dynamicflags`,`isActive`) VALUES ( NULL,'144956','960','5956','5956','4','1','0','0','807.17','-2577.04','186.567','0','7200','0','0','1','0','0','0','33555200','0','0');

INSERT INTO `creature`(`guid`,`id`,`map`,`zoneId`,`areaId`,`spawnMask`,`phaseMask`,`modelid`,`equipment_id`,`position_x`,`position_y`,`position_z`,`orientation`,`spawntimesecs`,`spawndist`,`currentwaypoint`,`curhealth`,`curmana`,`MovementType`,`npcflag`,`unit_flags`,`dynamicflags`,`isActive`) VALUES ( NULL,'144956','960','5956','5956','4','1','0','0','1019.08','-2645.63','186.567','0','7200','0','0','1','0','0','0','33555200','0','0');

REPLACE INTO `creature_template`(`entry`,`difficulty_entry_1`,`difficulty_entry_2`,`difficulty_entry_3`,`difficulty_entry_4`,`difficulty_entry_5`,`difficulty_entry_6`,`difficulty_entry_7`,`difficulty_entry_8`,`difficulty_entry_9`,`difficulty_entry_10`,`KillCredit1`,`KillCredit2`,`modelid1`,`modelid2`,`modelid3`,`modelid4`,`name`,`subname`,`IconName`,`gossip_menu_id`,`minlevel`,`maxlevel`,`exp`,`exp_unk`,`faction_A`,`faction_H`,`npcflag`,`speed_walk`,`speed_run`,`speed_fly`,`scale`,`rank`,`mindmg`,`maxdmg`,`dmgschool`,`attackpower`,`dmg_multiplier`,`baseattacktime`,`rangeattacktime`,`unit_class`,`unit_flags`,`unit_flags2`,`dynamicflags`,`family`,`trainer_type`,`trainer_spell`,`trainer_class`,`trainer_race`,`minrangedmg`,`maxrangedmg`,`rangedattackpower`,`type`,`type_flags`,`type_flags2`,`lootid`,`pickpocketloot`,`skinloot`,`resistance1`,`resistance2`,`resistance3`,`resistance4`,`resistance5`,`resistance6`,`spell1`,`spell2`,`spell3`,`spell4`,`spell5`,`spell6`,`spell7`,`spell8`,`PetSpellDataId`,`VehicleId`,`mingold`,`maxgold`,`AIName`,`MovementType`,`InhabitType`,`HoverHeight`,`Health_mod`,`Mana_mod`,`Mana_mod_extra`,`Armor_mod`,`RacialLeader`,`questItem1`,`questItem2`,`questItem3`,`questItem4`,`questItem5`,`questItem6`,`movementId`,`RegenHealth`,`equipment_id`,`mechanic_immune_mask`,`flags_extra`,`ScriptName`,`WDBVerified`) VALUES ('144957','0','0','0','0','0','0','0','0','0','0','0','0','39442','0','0','0','Corrupt Droplet','',NULL,'0','93','93','4','0','16','16','0','1','1.14286','1.14286','1','0','10862','12856','0','41506','2','2000','2000','0','0','2048','0','0','0','0','0','0','0','0','0','0','0','0','144957','0','0','0','0','0','0','0','0','0','0','0','0','0','0','0','0','0','0','0','0','','0','3','1','1','1','1','1','0','0','0','0','0','0','0','0','1','0','0','0','','1');

INSERT INTO `creature`(`guid`,`id`,`map`,`zoneId`,`areaId`,`spawnMask`,`phaseMask`,`modelid`,`equipment_id`,`position_x`,`position_y`,`position_z`,`orientation`,`spawntimesecs`,`spawndist`,`currentwaypoint`,`curhealth`,`curmana`,`MovementType`,`npcflag`,`unit_flags`,`dynamicflags`,`isActive`) VALUES ( NULL,'144957','960','5956','6117','4','1','0','0','1014.44','-2500.89','177.377','4.49711','7200','0','0','1','0','0','0','0','0','0');

INSERT INTO `creature`(`guid`,`id`,`map`,`zoneId`,`areaId`,`spawnMask`,`phaseMask`,`modelid`,`equipment_id`,`position_x`,`position_y`,`position_z`,`orientation`,`spawntimesecs`,`spawndist`,`currentwaypoint`,`curhealth`,`curmana`,`MovementType`,`npcflag`,`unit_flags`,`dynamicflags`,`isActive`) VALUES ( NULL,'144957','960','5956','6117','4','1','0','0','1071.35','-2499.83','174.708','2.01551','7200','0','0','1','0','0','0','0','0','0');

INSERT INTO `creature`(`guid`,`id`,`map`,`zoneId`,`areaId`,`spawnMask`,`phaseMask`,`modelid`,`equipment_id`,`position_x`,`position_y`,`position_z`,`orientation`,`spawntimesecs`,`spawndist`,`currentwaypoint`,`curhealth`,`curmana`,`MovementType`,`npcflag`,`unit_flags`,`dynamicflags`,`isActive`) VALUES ( NULL,'144957','960','5956','6117','4','1','0','0','1016.79','-2503.76','178.042','4.7031','7200','0','0','1','0','0','0','0','0','0');

INSERT INTO `creature`(`guid`,`id`,`map`,`zoneId`,`areaId`,`spawnMask`,`phaseMask`,`modelid`,`equipment_id`,`position_x`,`position_y`,`position_z`,`orientation`,`spawntimesecs`,`spawndist`,`currentwaypoint`,`curhealth`,`curmana`,`MovementType`,`npcflag`,`unit_flags`,`dynamicflags`,`isActive`) VALUES ( NULL,'144957','960','5956','6117','4','1','0','0','1075.01','-2501.26','174.711','2.16705','7200','0','0','1','0','0','0','0','0','0');

INSERT INTO `creature`(`guid`,`id`,`map`,`zoneId`,`areaId`,`spawnMask`,`phaseMask`,`modelid`,`equipment_id`,`position_x`,`position_y`,`position_z`,`orientation`,`spawntimesecs`,`spawndist`,`currentwaypoint`,`curhealth`,`curmana`,`MovementType`,`npcflag`,`unit_flags`,`dynamicflags`,`isActive`) VALUES ( NULL,'144957','960','5956','6117','4','1','0','0','1073.94','-2503.35','174.713','2.40061','7200','0','0','1','0','0','0','0','0','0');

INSERT INTO `creature`(`guid`,`id`,`map`,`zoneId`,`areaId`,`spawnMask`,`phaseMask`,`modelid`,`equipment_id`,`position_x`,`position_y`,`position_z`,`orientation`,`spawntimesecs`,`spawndist`,`currentwaypoint`,`curhealth`,`curmana`,`MovementType`,`npcflag`,`unit_flags`,`dynamicflags`,`isActive`) VALUES ( NULL,'144957','960','5956','6117','4','1','0','0','1074.57','-2506.17','174.707','0.333445','7200','0','0','1','0','0','0','0','0','0');

REPLACE INTO `creature_template`(`entry`,`difficulty_entry_1`,`difficulty_entry_2`,`difficulty_entry_3`,`difficulty_entry_4`,`difficulty_entry_5`,`difficulty_entry_6`,`difficulty_entry_7`,`difficulty_entry_8`,`difficulty_entry_9`,`difficulty_entry_10`,`KillCredit1`,`KillCredit2`,`modelid1`,`modelid2`,`modelid3`,`modelid4`,`name`,`subname`,`IconName`,`gossip_menu_id`,`minlevel`,`maxlevel`,`exp`,`exp_unk`,`faction_A`,`faction_H`,`npcflag`,`speed_walk`,`speed_run`,`speed_fly`,`scale`,`rank`,`mindmg`,`maxdmg`,`dmgschool`,`attackpower`,`dmg_multiplier`,`baseattacktime`,`rangeattacktime`,`unit_class`,`unit_flags`,`unit_flags2`,`dynamicflags`,`family`,`trainer_type`,`trainer_spell`,`trainer_class`,`trainer_race`,`minrangedmg`,`maxrangedmg`,`rangedattackpower`,`type`,`type_flags`,`type_flags2`,`lootid`,`pickpocketloot`,`skinloot`,`resistance1`,`resistance2`,`resistance3`,`resistance4`,`resistance5`,`resistance6`,`spell1`,`spell2`,`spell3`,`spell4`,`spell5`,`spell6`,`spell7`,`spell8`,`PetSpellDataId`,`VehicleId`,`mingold`,`maxgold`,`AIName`,`MovementType`,`InhabitType`,`HoverHeight`,`Health_mod`,`Mana_mod`,`Mana_mod_extra`,`Armor_mod`,`RacialLeader`,`questItem1`,`questItem2`,`questItem3`,`questItem4`,`questItem5`,`questItem6`,`movementId`,`RegenHealth`,`equipment_id`,`mechanic_immune_mask`,`flags_extra`,`ScriptName`,`WDBVerified`) VALUES ('144958','0','0','0','0','0','0','0','0','0','0','0','0','40033','40034','40035','42002','Yu\'lon Disciple','',NULL,'0','93','93','4','0','35','35','0','1','1.14286','1.14286','1','0','10862','12856','0','41506','2','2000','2000','0','536904448','2048','32','0','0','0','0','0','0','0','0','0','0','0','144958','0','0','0','0','0','0','0','0','0','0','0','0','0','0','0','0','0','0','0','0','','0','3','1','1','1','1','1','0','0','0','0','0','0','0','0','1','0','0','0','','1');

INSERT INTO `creature`(`guid`,`id`,`map`,`zoneId`,`areaId`,`spawnMask`,`phaseMask`,`modelid`,`equipment_id`,`position_x`,`position_y`,`position_z`,`orientation`,`spawntimesecs`,`spawndist`,`currentwaypoint`,`curhealth`,`curmana`,`MovementType`,`npcflag`,`unit_flags`,`dynamicflags`,`isActive`) VALUES ( NULL,'144958','960','5956','5956','4','1','0','0','942.222','-2611.23','181.405','4.96539','7200','0','0','1','0','0','0','536904448','0','0');

REPLACE INTO `creature_template`(`entry`,`difficulty_entry_1`,`difficulty_entry_2`,`difficulty_entry_3`,`difficulty_entry_4`,`difficulty_entry_5`,`difficulty_entry_6`,`difficulty_entry_7`,`difficulty_entry_8`,`difficulty_entry_9`,`difficulty_entry_10`,`KillCredit1`,`KillCredit2`,`modelid1`,`modelid2`,`modelid3`,`modelid4`,`name`,`subname`,`IconName`,`gossip_menu_id`,`minlevel`,`maxlevel`,`exp`,`exp_unk`,`faction_A`,`faction_H`,`npcflag`,`speed_walk`,`speed_run`,`speed_fly`,`scale`,`rank`,`mindmg`,`maxdmg`,`dmgschool`,`attackpower`,`dmg_multiplier`,`baseattacktime`,`rangeattacktime`,`unit_class`,`unit_flags`,`unit_flags2`,`dynamicflags`,`family`,`trainer_type`,`trainer_spell`,`trainer_class`,`trainer_race`,`minrangedmg`,`maxrangedmg`,`rangedattackpower`,`type`,`type_flags`,`type_flags2`,`lootid`,`pickpocketloot`,`skinloot`,`resistance1`,`resistance2`,`resistance3`,`resistance4`,`resistance5`,`resistance6`,`spell1`,`spell2`,`spell3`,`spell4`,`spell5`,`spell6`,`spell7`,`spell8`,`PetSpellDataId`,`VehicleId`,`mingold`,`maxgold`,`AIName`,`MovementType`,`InhabitType`,`HoverHeight`,`Health_mod`,`Mana_mod`,`Mana_mod_extra`,`Armor_mod`,`RacialLeader`,`questItem1`,`questItem2`,`questItem3`,`questItem4`,`questItem5`,`questItem6`,`movementId`,`RegenHealth`,`equipment_id`,`mechanic_immune_mask`,`flags_extra`,`ScriptName`,`WDBVerified`) VALUES ('144959','0','0','0','0','0','0','0','0','0','0','0','0','45552','45553','0','0','Serpent Warrior','',NULL,'0','93','93','4','0','1665','1665','0','1','1.14286','1.14286','1','0','12844','15096','0','48896','2','2000','2000','0','32832','2048','0','0','0','0','0','0','0','0','0','0','0','0','144959','0','0','0','0','0','0','0','0','0','0','0','0','0','0','0','0','0','0','0','0','','0','3','1','3','1','1','1','0','0','0','0','0','0','0','0','1','0','0','0','','1');

INSERT INTO `creature`(`guid`,`id`,`map`,`zoneId`,`areaId`,`spawnMask`,`phaseMask`,`modelid`,`equipment_id`,`position_x`,`position_y`,`position_z`,`orientation`,`spawntimesecs`,`spawndist`,`currentwaypoint`,`curhealth`,`curmana`,`MovementType`,`npcflag`,`unit_flags`,`dynamicflags`,`isActive`) VALUES ( NULL,'144959','960','5956','6119','4','1','0','0','950.976','-2552.6','179.904','0.832046','7200','0','0','1','0','0','0','559168','0','0');

INSERT INTO `creature`(`guid`,`id`,`map`,`zoneId`,`areaId`,`spawnMask`,`phaseMask`,`modelid`,`equipment_id`,`position_x`,`position_y`,`position_z`,`orientation`,`spawntimesecs`,`spawndist`,`currentwaypoint`,`curhealth`,`curmana`,`MovementType`,`npcflag`,`unit_flags`,`dynamicflags`,`isActive`) VALUES ( NULL,'144959','960','5956','6119','4','1','0','0','950.426','-2544.55','179.821','2.16539','7200','0','0','1','0','0','0','559168','0','0');

INSERT INTO `creature`(`guid`,`id`,`map`,`zoneId`,`areaId`,`spawnMask`,`phaseMask`,`modelid`,`equipment_id`,`position_x`,`position_y`,`position_z`,`orientation`,`spawntimesecs`,`spawndist`,`currentwaypoint`,`curhealth`,`curmana`,`MovementType`,`npcflag`,`unit_flags`,`dynamicflags`,`isActive`) VALUES ( NULL,'144959','960','5956','6119','4','1','0','0','917.417','-2535.61','179.905','4.9681','7200','0','0','1','0','0','0','559168','0','0');

INSERT INTO `creature`(`guid`,`id`,`map`,`zoneId`,`areaId`,`spawnMask`,`phaseMask`,`modelid`,`equipment_id`,`position_x`,`position_y`,`position_z`,`orientation`,`spawntimesecs`,`spawndist`,`currentwaypoint`,`curhealth`,`curmana`,`MovementType`,`npcflag`,`unit_flags`,`dynamicflags`,`isActive`) VALUES ( NULL,'144959','960','5956','6119','4','1','0','0','922.953','-2581.76','179.905','1.31401','7200','0','0','1','0','0','0','559168','0','0');

INSERT INTO `creature`(`guid`,`id`,`map`,`zoneId`,`areaId`,`spawnMask`,`phaseMask`,`modelid`,`equipment_id`,`position_x`,`position_y`,`position_z`,`orientation`,`spawntimesecs`,`spawndist`,`currentwaypoint`,`curhealth`,`curmana`,`MovementType`,`npcflag`,`unit_flags`,`dynamicflags`,`isActive`) VALUES ( NULL,'144959','960','5956','6119','4','1','0','0','915.976','-2541.35','179.905','0.460573','7200','0','0','1','0','0','0','559168','0','0');

INSERT INTO `creature`(`guid`,`id`,`map`,`zoneId`,`areaId`,`spawnMask`,`phaseMask`,`modelid`,`equipment_id`,`position_x`,`position_y`,`position_z`,`orientation`,`spawntimesecs`,`spawndist`,`currentwaypoint`,`curhealth`,`curmana`,`MovementType`,`npcflag`,`unit_flags`,`dynamicflags`,`isActive`) VALUES ( NULL,'144959','960','5956','6119','4','1','0','0','927.484','-2578.56','179.905','3.00378','7200','0','0','1','0','0','0','559168','0','0');

INSERT INTO `creature`(`guid`,`id`,`map`,`zoneId`,`areaId`,`spawnMask`,`phaseMask`,`modelid`,`equipment_id`,`position_x`,`position_y`,`position_z`,`orientation`,`spawntimesecs`,`spawndist`,`currentwaypoint`,`curhealth`,`curmana`,`MovementType`,`npcflag`,`unit_flags`,`dynamicflags`,`isActive`) VALUES ( NULL,'144959','960','5956','6119','4','1','0','0','920.55','-2576.09','179.905','5.79642','7200','0','0','1','0','0','0','559168','0','0');

INSERT INTO `creature`(`guid`,`id`,`map`,`zoneId`,`areaId`,`spawnMask`,`phaseMask`,`modelid`,`equipment_id`,`position_x`,`position_y`,`position_z`,`orientation`,`spawntimesecs`,`spawndist`,`currentwaypoint`,`curhealth`,`curmana`,`MovementType`,`npcflag`,`unit_flags`,`dynamicflags`,`isActive`) VALUES ( NULL,'144959','960','5956','6119','4','1','0','0','954.721','-2547.71','179.904','3.52872','7200','0','0','1','0','0','0','559168','0','0');

REPLACE INTO `creature_template`(`entry`,`difficulty_entry_1`,`difficulty_entry_2`,`difficulty_entry_3`,`difficulty_entry_4`,`difficulty_entry_5`,`difficulty_entry_6`,`difficulty_entry_7`,`difficulty_entry_8`,`difficulty_entry_9`,`difficulty_entry_10`,`KillCredit1`,`KillCredit2`,`modelid1`,`modelid2`,`modelid3`,`modelid4`,`name`,`subname`,`IconName`,`gossip_menu_id`,`minlevel`,`maxlevel`,`exp`,`exp_unk`,`faction_A`,`faction_H`,`npcflag`,`speed_walk`,`speed_run`,`speed_fly`,`scale`,`rank`,`mindmg`,`maxdmg`,`dmgschool`,`attackpower`,`dmg_multiplier`,`baseattacktime`,`rangeattacktime`,`unit_class`,`unit_flags`,`unit_flags2`,`dynamicflags`,`family`,`trainer_type`,`trainer_spell`,`trainer_class`,`trainer_race`,`minrangedmg`,`maxrangedmg`,`rangedattackpower`,`type`,`type_flags`,`type_flags2`,`lootid`,`pickpocketloot`,`skinloot`,`resistance1`,`resistance2`,`resistance3`,`resistance4`,`resistance5`,`resistance6`,`spell1`,`spell2`,`spell3`,`spell4`,`spell5`,`spell6`,`spell7`,`spell8`,`PetSpellDataId`,`VehicleId`,`mingold`,`maxgold`,`AIName`,`MovementType`,`InhabitType`,`HoverHeight`,`Health_mod`,`Mana_mod`,`Mana_mod_extra`,`Armor_mod`,`RacialLeader`,`questItem1`,`questItem2`,`questItem3`,`questItem4`,`questItem5`,`questItem6`,`movementId`,`RegenHealth`,`equipment_id`,`mechanic_immune_mask`,`flags_extra`,`ScriptName`,`WDBVerified`) VALUES ('144960','0','0','0','0','0','0','0','0','0','0','0','0','41494','0','0','0','Priestess Summerpetal','',NULL,'0','93','93','4','0','35','35','2','1','1.14286','1.14286','1','0','15570','24926','0','70868','2','2000','2000','0','32768','2048','0','0','0','0','0','0','0','0','0','0','0','0','144960','0','0','0','0','0','0','0','0','0','0','0','0','0','0','0','0','0','0','0','0','','0','3','1','1','1','1','1','0','0','0','0','0','0','0','0','1','0','0','0','','1');

INSERT INTO `creature`(`guid`,`id`,`map`,`zoneId`,`areaId`,`spawnMask`,`phaseMask`,`modelid`,`equipment_id`,`position_x`,`position_y`,`position_z`,`orientation`,`spawntimesecs`,`spawndist`,`currentwaypoint`,`curhealth`,`curmana`,`MovementType`,`npcflag`,`unit_flags`,`dynamicflags`,`isActive`) VALUES ( NULL,'144960','960','5956','5956','4','1','0','0','954.714','-2512.8','180.496','6.0697','7200','0','0','1','0','0','2','32768','0','0');

REPLACE INTO `creature_template`(`entry`,`difficulty_entry_1`,`difficulty_entry_2`,`difficulty_entry_3`,`difficulty_entry_4`,`difficulty_entry_5`,`difficulty_entry_6`,`difficulty_entry_7`,`difficulty_entry_8`,`difficulty_entry_9`,`difficulty_entry_10`,`KillCredit1`,`KillCredit2`,`modelid1`,`modelid2`,`modelid3`,`modelid4`,`name`,`subname`,`IconName`,`gossip_menu_id`,`minlevel`,`maxlevel`,`exp`,`exp_unk`,`faction_A`,`faction_H`,`npcflag`,`speed_walk`,`speed_run`,`speed_fly`,`scale`,`rank`,`mindmg`,`maxdmg`,`dmgschool`,`attackpower`,`dmg_multiplier`,`baseattacktime`,`rangeattacktime`,`unit_class`,`unit_flags`,`unit_flags2`,`dynamicflags`,`family`,`trainer_type`,`trainer_spell`,`trainer_class`,`trainer_race`,`minrangedmg`,`maxrangedmg`,`rangedattackpower`,`type`,`type_flags`,`type_flags2`,`lootid`,`pickpocketloot`,`skinloot`,`resistance1`,`resistance2`,`resistance3`,`resistance4`,`resistance5`,`resistance6`,`spell1`,`spell2`,`spell3`,`spell4`,`spell5`,`spell6`,`spell7`,`spell8`,`PetSpellDataId`,`VehicleId`,`mingold`,`maxgold`,`AIName`,`MovementType`,`InhabitType`,`HoverHeight`,`Health_mod`,`Mana_mod`,`Mana_mod_extra`,`Armor_mod`,`RacialLeader`,`questItem1`,`questItem2`,`questItem3`,`questItem4`,`questItem5`,`questItem6`,`movementId`,`RegenHealth`,`equipment_id`,`mechanic_immune_mask`,`flags_extra`,`ScriptName`,`WDBVerified`) VALUES ('144961','0','0','0','0','0','0','0','0','0','0','0','0','40330','0','0','0','Fallen Jin\'yu','',NULL,'0','93','93','4','0','35','35','0','1','1.14286','1.14286','1','0','10862','12856','0','41506','2','2000','2000','0','570426112','2048','32','0','0','0','0','0','0','0','0','0','0','0','144961','0','0','0','0','0','0','0','0','0','0','0','0','0','0','0','0','0','0','0','0','','0','3','1','2.5','1','1','1','0','0','0','0','0','0','0','0','1','0','0','0','','1');

INSERT INTO `creature`(`guid`,`id`,`map`,`zoneId`,`areaId`,`spawnMask`,`phaseMask`,`modelid`,`equipment_id`,`position_x`,`position_y`,`position_z`,`orientation`,`spawntimesecs`,`spawndist`,`currentwaypoint`,`curhealth`,`curmana`,`MovementType`,`npcflag`,`unit_flags`,`dynamicflags`,`isActive`) VALUES ( NULL,'144961','960','5956','6117','4','1','0','0','1077.14','-2501.16','174.797','3.77326','7200','0','0','1','0','0','0','570426112','0','0');

INSERT INTO `creature`(`guid`,`id`,`map`,`zoneId`,`areaId`,`spawnMask`,`phaseMask`,`modelid`,`equipment_id`,`position_x`,`position_y`,`position_z`,`orientation`,`spawntimesecs`,`spawndist`,`currentwaypoint`,`curhealth`,`curmana`,`MovementType`,`npcflag`,`unit_flags`,`dynamicflags`,`isActive`) VALUES ( NULL,'144961','960','5956','6117','4','1','0','0','1076.05','-2504.63','174.797','4.07431','7200','0','0','1','0','0','0','570426112','0','0');

INSERT INTO `creature`(`guid`,`id`,`map`,`zoneId`,`areaId`,`spawnMask`,`phaseMask`,`modelid`,`equipment_id`,`position_x`,`position_y`,`position_z`,`orientation`,`spawntimesecs`,`spawndist`,`currentwaypoint`,`curhealth`,`curmana`,`MovementType`,`npcflag`,`unit_flags`,`dynamicflags`,`isActive`) VALUES ( NULL,'144961','960','5956','6117','4','1','0','0','1071.12','-2501.17','174.797','4.86817','7200','0','0','1','0','0','0','570426112','0','0');

INSERT INTO `creature`(`guid`,`id`,`map`,`zoneId`,`areaId`,`spawnMask`,`phaseMask`,`modelid`,`equipment_id`,`position_x`,`position_y`,`position_z`,`orientation`,`spawntimesecs`,`spawndist`,`currentwaypoint`,`curhealth`,`curmana`,`MovementType`,`npcflag`,`unit_flags`,`dynamicflags`,`isActive`) VALUES ( NULL,'144961','960','5956','6117','4','1','0','0','1021.73','-2493.47','174.794','2.02037','7200','0','0','1','0','0','0','570426112','0','0');

INSERT INTO `creature`(`guid`,`id`,`map`,`zoneId`,`areaId`,`spawnMask`,`phaseMask`,`modelid`,`equipment_id`,`position_x`,`position_y`,`position_z`,`orientation`,`spawntimesecs`,`spawndist`,`currentwaypoint`,`curhealth`,`curmana`,`MovementType`,`npcflag`,`unit_flags`,`dynamicflags`,`isActive`) VALUES ( NULL,'144961','960','5956','6117','4','1','0','0','1041.11','-2489.47','175.669','3.09354','7200','0','0','1','0','0','0','570426112','0','0');

INSERT INTO `creature`(`guid`,`id`,`map`,`zoneId`,`areaId`,`spawnMask`,`phaseMask`,`modelid`,`equipment_id`,`position_x`,`position_y`,`position_z`,`orientation`,`spawntimesecs`,`spawndist`,`currentwaypoint`,`curhealth`,`curmana`,`MovementType`,`npcflag`,`unit_flags`,`dynamicflags`,`isActive`) VALUES ( NULL,'144961','960','5956','6117','4','1','0','0','1041.2','-2497.03','175.564','5.40574','7200','0','0','1','0','0','0','570426112','0','0');

INSERT INTO `creature`(`guid`,`id`,`map`,`zoneId`,`areaId`,`spawnMask`,`phaseMask`,`modelid`,`equipment_id`,`position_x`,`position_y`,`position_z`,`orientation`,`spawntimesecs`,`spawndist`,`currentwaypoint`,`curhealth`,`curmana`,`MovementType`,`npcflag`,`unit_flags`,`dynamicflags`,`isActive`) VALUES ( NULL,'144961','960','5956','6117','4','1','0','0','1005.51','-2514.1','180.55','3.15641','7200','0','0','1','0','0','0','570426112','0','0');

REPLACE INTO `creature_template`(`entry`,`difficulty_entry_1`,`difficulty_entry_2`,`difficulty_entry_3`,`difficulty_entry_4`,`difficulty_entry_5`,`difficulty_entry_6`,`difficulty_entry_7`,`difficulty_entry_8`,`difficulty_entry_9`,`difficulty_entry_10`,`KillCredit1`,`KillCredit2`,`modelid1`,`modelid2`,`modelid3`,`modelid4`,`name`,`subname`,`IconName`,`gossip_menu_id`,`minlevel`,`maxlevel`,`exp`,`exp_unk`,`faction_A`,`faction_H`,`npcflag`,`speed_walk`,`speed_run`,`speed_fly`,`scale`,`rank`,`mindmg`,`maxdmg`,`dmgschool`,`attackpower`,`dmg_multiplier`,`baseattacktime`,`rangeattacktime`,`unit_class`,`unit_flags`,`unit_flags2`,`dynamicflags`,`family`,`trainer_type`,`trainer_spell`,`trainer_class`,`trainer_race`,`minrangedmg`,`maxrangedmg`,`rangedattackpower`,`type`,`type_flags`,`type_flags2`,`lootid`,`pickpocketloot`,`skinloot`,`resistance1`,`resistance2`,`resistance3`,`resistance4`,`resistance5`,`resistance6`,`spell1`,`spell2`,`spell3`,`spell4`,`spell5`,`spell6`,`spell7`,`spell8`,`PetSpellDataId`,`VehicleId`,`mingold`,`maxgold`,`AIName`,`MovementType`,`InhabitType`,`HoverHeight`,`Health_mod`,`Mana_mod`,`Mana_mod_extra`,`Armor_mod`,`RacialLeader`,`questItem1`,`questItem2`,`questItem3`,`questItem4`,`questItem5`,`questItem6`,`movementId`,`RegenHealth`,`equipment_id`,`mechanic_immune_mask`,`flags_extra`,`ScriptName`,`WDBVerified`) VALUES ('144962','0','0','0','0','0','0','0','0','0','0','0','0','43999','0','0','0','Corrupt Living Water','',NULL,'0','93','93','4','0','14','14','0','1','1.14286','1.14286','1','0','10862','12856','0','41506','6','2000','2000','0','64','2048','0','0','0','0','0','0','0','0','0','0','0','0','144962','0','0','0','0','0','0','0','0','0','0','0','0','0','0','0','0','0','0','0','0','','0','3','1','5','1','1','1','0','0','0','0','0','0','0','0','1','0','0','0','mob_corrupt_living_water','1');

INSERT INTO `creature`(`guid`,`id`,`map`,`zoneId`,`areaId`,`spawnMask`,`phaseMask`,`modelid`,`equipment_id`,`position_x`,`position_y`,`position_z`,`orientation`,`spawntimesecs`,`spawndist`,`currentwaypoint`,`curhealth`,`curmana`,`MovementType`,`npcflag`,`unit_flags`,`dynamicflags`,`isActive`) VALUES ( NULL,'144962','960','5956','6117','4','1','0','0','1021.05','-2486.44','174.788','2.14373','7200','0','0','1','0','0','0','64','0','0');

INSERT INTO `creature`(`guid`,`id`,`map`,`zoneId`,`areaId`,`spawnMask`,`phaseMask`,`modelid`,`equipment_id`,`position_x`,`position_y`,`position_z`,`orientation`,`spawntimesecs`,`spawndist`,`currentwaypoint`,`curhealth`,`curmana`,`MovementType`,`npcflag`,`unit_flags`,`dynamicflags`,`isActive`) VALUES ( NULL,'144962','960','5956','6117','4','1','0','0','1007.11','-2519.32','180.555','5.24863','7200','0','0','1','0','0','0','64','0','0');

INSERT INTO `creature`(`guid`,`id`,`map`,`zoneId`,`areaId`,`spawnMask`,`phaseMask`,`modelid`,`equipment_id`,`position_x`,`position_y`,`position_z`,`orientation`,`spawntimesecs`,`spawndist`,`currentwaypoint`,`curhealth`,`curmana`,`MovementType`,`npcflag`,`unit_flags`,`dynamicflags`,`isActive`) VALUES ( NULL,'144962','960','5956','6117','4','1','0','0','1052.04','-2492.66','174.702','1.69774','7200','0','0','1','0','0','0','64','0','0');

REPLACE INTO `creature_template`(`entry`,`difficulty_entry_1`,`difficulty_entry_2`,`difficulty_entry_3`,`difficulty_entry_4`,`difficulty_entry_5`,`difficulty_entry_6`,`difficulty_entry_7`,`difficulty_entry_8`,`difficulty_entry_9`,`difficulty_entry_10`,`KillCredit1`,`KillCredit2`,`modelid1`,`modelid2`,`modelid3`,`modelid4`,`name`,`subname`,`IconName`,`gossip_menu_id`,`minlevel`,`maxlevel`,`exp`,`exp_unk`,`faction_A`,`faction_H`,`npcflag`,`speed_walk`,`speed_run`,`speed_fly`,`scale`,`rank`,`mindmg`,`maxdmg`,`dmgschool`,`attackpower`,`dmg_multiplier`,`baseattacktime`,`rangeattacktime`,`unit_class`,`unit_flags`,`unit_flags2`,`dynamicflags`,`family`,`trainer_type`,`trainer_spell`,`trainer_class`,`trainer_race`,`minrangedmg`,`maxrangedmg`,`rangedattackpower`,`type`,`type_flags`,`type_flags2`,`lootid`,`pickpocketloot`,`skinloot`,`resistance1`,`resistance2`,`resistance3`,`resistance4`,`resistance5`,`resistance6`,`spell1`,`spell2`,`spell3`,`spell4`,`spell5`,`spell6`,`spell7`,`spell8`,`PetSpellDataId`,`VehicleId`,`mingold`,`maxgold`,`AIName`,`MovementType`,`InhabitType`,`HoverHeight`,`Health_mod`,`Mana_mod`,`Mana_mod_extra`,`Armor_mod`,`RacialLeader`,`questItem1`,`questItem2`,`questItem3`,`questItem4`,`questItem5`,`questItem6`,`movementId`,`RegenHealth`,`equipment_id`,`mechanic_immune_mask`,`flags_extra`,`ScriptName`,`WDBVerified`) VALUES ('144963','0','0','0','0','0','0','0','0','0','0','0','0','40884','0','0','0','Lesser Sha','',NULL,'0','93','93','4','0','16','16','0','1','1.14286','1.14286','1','0','10862','12856','0','41506','6','2000','2000','0','32768','2048','0','0','0','0','0','0','0','0','0','0','0','0','144963','0','0','0','0','0','0','0','0','0','0','0','0','0','0','0','0','0','0','0','0','','0','3','1','1.5','1','1','1','0','0','0','0','0','0','0','0','1','0','0','0','mob_lesser_sha','1');

INSERT INTO `creature`(`guid`,`id`,`map`,`zoneId`,`areaId`,`spawnMask`,`phaseMask`,`modelid`,`equipment_id`,`position_x`,`position_y`,`position_z`,`orientation`,`spawntimesecs`,`spawndist`,`currentwaypoint`,`curhealth`,`curmana`,`MovementType`,`npcflag`,`unit_flags`,`dynamicflags`,`isActive`) VALUES ( NULL,'144963','960','5956','6118','4','1','0','0','831.434','-2504.13','196.341','0','7200','0','0','1','0','0','0','32768','0','0');

INSERT INTO `creature`(`guid`,`id`,`map`,`zoneId`,`areaId`,`spawnMask`,`phaseMask`,`modelid`,`equipment_id`,`position_x`,`position_y`,`position_z`,`orientation`,`spawntimesecs`,`spawndist`,`currentwaypoint`,`curhealth`,`curmana`,`MovementType`,`npcflag`,`unit_flags`,`dynamicflags`,`isActive`) VALUES ( NULL,'144963','960','5956','6118','4','1','0','0','823','-2465.98','192.553','5.61194','7200','0','0','1','0','0','0','32768','0','0');

INSERT INTO `creature`(`guid`,`id`,`map`,`zoneId`,`areaId`,`spawnMask`,`phaseMask`,`modelid`,`equipment_id`,`position_x`,`position_y`,`position_z`,`orientation`,`spawntimesecs`,`spawndist`,`currentwaypoint`,`curhealth`,`curmana`,`MovementType`,`npcflag`,`unit_flags`,`dynamicflags`,`isActive`) VALUES ( NULL,'144963','960','5956','6118','4','1','0','0','833.146','-2498.04','196.361','0','7200','0','0','1','0','0','0','32768','0','0');

INSERT INTO `creature`(`guid`,`id`,`map`,`zoneId`,`areaId`,`spawnMask`,`phaseMask`,`modelid`,`equipment_id`,`position_x`,`position_y`,`position_z`,`orientation`,`spawntimesecs`,`spawndist`,`currentwaypoint`,`curhealth`,`curmana`,`MovementType`,`npcflag`,`unit_flags`,`dynamicflags`,`isActive`) VALUES ( NULL,'144963','960','5956','6118','4','1','0','0','829.879','-2496.26','196.115','5.92158','7200','0','0','1','0','0','0','32768','0','0');

INSERT INTO `creature`(`guid`,`id`,`map`,`zoneId`,`areaId`,`spawnMask`,`phaseMask`,`modelid`,`equipment_id`,`position_x`,`position_y`,`position_z`,`orientation`,`spawntimesecs`,`spawndist`,`currentwaypoint`,`curhealth`,`curmana`,`MovementType`,`npcflag`,`unit_flags`,`dynamicflags`,`isActive`) VALUES ( NULL,'144963','960','5956','6118','4','1','0','0','816.455','-2464.29','192.559','4.50511','7200','0','0','1','0','0','0','32768','0','0');

INSERT INTO `creature`(`guid`,`id`,`map`,`zoneId`,`areaId`,`spawnMask`,`phaseMask`,`modelid`,`equipment_id`,`position_x`,`position_y`,`position_z`,`orientation`,`spawntimesecs`,`spawndist`,`currentwaypoint`,`curhealth`,`curmana`,`MovementType`,`npcflag`,`unit_flags`,`dynamicflags`,`isActive`) VALUES ( NULL,'144963','960','5956','6118','4','1','0','0','815.703','-2468.51','192.55','1.62929','7200','0','0','1','0','0','0','32768','0','0');

INSERT INTO `creature`(`guid`,`id`,`map`,`zoneId`,`areaId`,`spawnMask`,`phaseMask`,`modelid`,`equipment_id`,`position_x`,`position_y`,`position_z`,`orientation`,`spawntimesecs`,`spawndist`,`currentwaypoint`,`curhealth`,`curmana`,`MovementType`,`npcflag`,`unit_flags`,`dynamicflags`,`isActive`) VALUES ( NULL,'144963','960','5956','6118','4','1','0','0','827.267','-2503.25','196.115','4.82804','7200','0','0','1','0','0','0','32768','0','0');

INSERT INTO `creature`(`guid`,`id`,`map`,`zoneId`,`areaId`,`spawnMask`,`phaseMask`,`modelid`,`equipment_id`,`position_x`,`position_y`,`position_z`,`orientation`,`spawntimesecs`,`spawndist`,`currentwaypoint`,`curhealth`,`curmana`,`MovementType`,`npcflag`,`unit_flags`,`dynamicflags`,`isActive`) VALUES ( NULL,'144963','960','5956','6118','4','1','0','0','837.59','-2499.05','195.614','0','7200','0','0','1','0','0','0','32768','0','0');

INSERT INTO `creature`(`guid`,`id`,`map`,`zoneId`,`areaId`,`spawnMask`,`phaseMask`,`modelid`,`equipment_id`,`position_x`,`position_y`,`position_z`,`orientation`,`spawntimesecs`,`spawndist`,`currentwaypoint`,`curhealth`,`curmana`,`MovementType`,`npcflag`,`unit_flags`,`dynamicflags`,`isActive`) VALUES ( NULL,'144963','960','5956','6118','4','1','0','0','819.577','-2468.74','192.552','0.0836054','7200','0','0','1','0','0','0','32768','0','0');

REPLACE INTO `creature_template`(`entry`,`difficulty_entry_1`,`difficulty_entry_2`,`difficulty_entry_3`,`difficulty_entry_4`,`difficulty_entry_5`,`difficulty_entry_6`,`difficulty_entry_7`,`difficulty_entry_8`,`difficulty_entry_9`,`difficulty_entry_10`,`KillCredit1`,`KillCredit2`,`modelid1`,`modelid2`,`modelid3`,`modelid4`,`name`,`subname`,`IconName`,`gossip_menu_id`,`minlevel`,`maxlevel`,`exp`,`exp_unk`,`faction_A`,`faction_H`,`npcflag`,`speed_walk`,`speed_run`,`speed_fly`,`scale`,`rank`,`mindmg`,`maxdmg`,`dmgschool`,`attackpower`,`dmg_multiplier`,`baseattacktime`,`rangeattacktime`,`unit_class`,`unit_flags`,`unit_flags2`,`dynamicflags`,`family`,`trainer_type`,`trainer_spell`,`trainer_class`,`trainer_race`,`minrangedmg`,`maxrangedmg`,`rangedattackpower`,`type`,`type_flags`,`type_flags2`,`lootid`,`pickpocketloot`,`skinloot`,`resistance1`,`resistance2`,`resistance3`,`resistance4`,`resistance5`,`resistance6`,`spell1`,`spell2`,`spell3`,`spell4`,`spell5`,`spell6`,`spell7`,`spell8`,`PetSpellDataId`,`VehicleId`,`mingold`,`maxgold`,`AIName`,`MovementType`,`InhabitType`,`HoverHeight`,`Health_mod`,`Mana_mod`,`Mana_mod_extra`,`Armor_mod`,`RacialLeader`,`questItem1`,`questItem2`,`questItem3`,`questItem4`,`questItem5`,`questItem6`,`movementId`,`RegenHealth`,`equipment_id`,`mechanic_immune_mask`,`flags_extra`,`ScriptName`,`WDBVerified`) VALUES ('144964','0','0','0','0','0','0','0','0','0','0','0','0','40884','0','0','0','Lesser Sha','',NULL,'0','93','93','4','0','16','16','0','1','1.14286','1.14286','1','0','12844','15096','0','48896','6','2000','2000','0','32768','2048','0','0','0','0','0','0','0','0','0','0','0','0','144964','0','0','0','0','0','0','0','0','0','0','0','0','0','0','0','0','0','0','0','0','','0','3','1','1.5','1','1','1','0','0','0','0','0','0','0','0','1','0','0','0','mob_lesser_sha','1');

INSERT INTO `creature`(`guid`,`id`,`map`,`zoneId`,`areaId`,`spawnMask`,`phaseMask`,`modelid`,`equipment_id`,`position_x`,`position_y`,`position_z`,`orientation`,`spawntimesecs`,`spawndist`,`currentwaypoint`,`curhealth`,`curmana`,`MovementType`,`npcflag`,`unit_flags`,`dynamicflags`,`isActive`) VALUES ( NULL,'144964','960','5956','6119','4','1','0','0','921.606','-2573.28','179.905','5.45685','7200','0','0','1','0','0','0','559104','0','0');

INSERT INTO `creature`(`guid`,`id`,`map`,`zoneId`,`areaId`,`spawnMask`,`phaseMask`,`modelid`,`equipment_id`,`position_x`,`position_y`,`position_z`,`orientation`,`spawntimesecs`,`spawndist`,`currentwaypoint`,`curhealth`,`curmana`,`MovementType`,`npcflag`,`unit_flags`,`dynamicflags`,`isActive`) VALUES ( NULL,'144964','960','5956','6119','4','1','0','0','948.108','-2548.07','179.904','5.90156','7200','0','0','1','0','0','0','32768','0','0');

INSERT INTO `creature`(`guid`,`id`,`map`,`zoneId`,`areaId`,`spawnMask`,`phaseMask`,`modelid`,`equipment_id`,`position_x`,`position_y`,`position_z`,`orientation`,`spawntimesecs`,`spawndist`,`currentwaypoint`,`curhealth`,`curmana`,`MovementType`,`npcflag`,`unit_flags`,`dynamicflags`,`isActive`) VALUES ( NULL,'144964','960','5956','6119','4','1','0','0','948.448','-2541.62','179.904','5.90156','7200','0','0','1','0','0','0','557056','0','0');

INSERT INTO `creature`(`guid`,`id`,`map`,`zoneId`,`areaId`,`spawnMask`,`phaseMask`,`modelid`,`equipment_id`,`position_x`,`position_y`,`position_z`,`orientation`,`spawntimesecs`,`spawndist`,`currentwaypoint`,`curhealth`,`curmana`,`MovementType`,`npcflag`,`unit_flags`,`dynamicflags`,`isActive`) VALUES ( NULL,'144964','960','5956','6119','4','1','0','0','922.943','-2533.82','179.905','2.24505','7200','0','0','1','0','0','0','32768','0','0');

INSERT INTO `creature`(`guid`,`id`,`map`,`zoneId`,`areaId`,`spawnMask`,`phaseMask`,`modelid`,`equipment_id`,`position_x`,`position_y`,`position_z`,`orientation`,`spawntimesecs`,`spawndist`,`currentwaypoint`,`curhealth`,`curmana`,`MovementType`,`npcflag`,`unit_flags`,`dynamicflags`,`isActive`) VALUES ( NULL,'144964','960','5956','6119','4','1','0','0','927.231','-2537.35','179.905','2.24505','7200','0','0','1','0','0','0','32768','0','0');

INSERT INTO `creature`(`guid`,`id`,`map`,`zoneId`,`areaId`,`spawnMask`,`phaseMask`,`modelid`,`equipment_id`,`position_x`,`position_y`,`position_z`,`orientation`,`spawntimesecs`,`spawndist`,`currentwaypoint`,`curhealth`,`curmana`,`MovementType`,`npcflag`,`unit_flags`,`dynamicflags`,`isActive`) VALUES ( NULL,'144964','960','5956','6119','4','1','0','0','919.63','-2580.21','179.82','5.84718','7200','0','0','1','0','0','0','559104','0','0');

INSERT INTO `creature`(`guid`,`id`,`map`,`zoneId`,`areaId`,`spawnMask`,`phaseMask`,`modelid`,`equipment_id`,`position_x`,`position_y`,`position_z`,`orientation`,`spawntimesecs`,`spawndist`,`currentwaypoint`,`curhealth`,`curmana`,`MovementType`,`npcflag`,`unit_flags`,`dynamicflags`,`isActive`) VALUES ( NULL,'144964','960','5956','6119','4','1','0','0','948.457','-2553.93','179.904','5.90156','7200','0','0','1','0','0','0','557056','0','0');

INSERT INTO `creature`(`guid`,`id`,`map`,`zoneId`,`areaId`,`spawnMask`,`phaseMask`,`modelid`,`equipment_id`,`position_x`,`position_y`,`position_z`,`orientation`,`spawntimesecs`,`spawndist`,`currentwaypoint`,`curhealth`,`curmana`,`MovementType`,`npcflag`,`unit_flags`,`dynamicflags`,`isActive`) VALUES ( NULL,'144964','960','5956','6119','4','1','0','0','913.649','-2543.37','179.905','2.24505','7200','0','0','1','0','0','0','557056','0','0');

INSERT INTO `creature`(`guid`,`id`,`map`,`zoneId`,`areaId`,`spawnMask`,`phaseMask`,`modelid`,`equipment_id`,`position_x`,`position_y`,`position_z`,`orientation`,`spawntimesecs`,`spawndist`,`currentwaypoint`,`curhealth`,`curmana`,`MovementType`,`npcflag`,`unit_flags`,`dynamicflags`,`isActive`) VALUES ( NULL,'144964','960','5956','6119','4','1','0','0','924.508','-2578.44','179.821','4.27428','7200','0','0','1','0','0','0','559104','0','0');

INSERT INTO `creature`(`guid`,`id`,`map`,`zoneId`,`areaId`,`spawnMask`,`phaseMask`,`modelid`,`equipment_id`,`position_x`,`position_y`,`position_z`,`orientation`,`spawntimesecs`,`spawndist`,`currentwaypoint`,`curhealth`,`curmana`,`MovementType`,`npcflag`,`unit_flags`,`dynamicflags`,`isActive`) VALUES ( NULL,'144964','960','5956','6119','4','1','0','0','924.002','-2577.42','179.821','5.96593','7200','0','0','1','0','0','0','559104','0','0');

INSERT INTO `creature`(`guid`,`id`,`map`,`zoneId`,`areaId`,`spawnMask`,`phaseMask`,`modelid`,`equipment_id`,`position_x`,`position_y`,`position_z`,`orientation`,`spawntimesecs`,`spawndist`,`currentwaypoint`,`curhealth`,`curmana`,`MovementType`,`npcflag`,`unit_flags`,`dynamicflags`,`isActive`) VALUES ( NULL,'144964','960','5956','6119','4','1','0','0','914.953','-2538.12','179.905','2.24505','7200','0','0','1','0','0','0','557056','0','0');

REPLACE INTO `creature_template`(`entry`,`difficulty_entry_1`,`difficulty_entry_2`,`difficulty_entry_3`,`difficulty_entry_4`,`difficulty_entry_5`,`difficulty_entry_6`,`difficulty_entry_7`,`difficulty_entry_8`,`difficulty_entry_9`,`difficulty_entry_10`,`KillCredit1`,`KillCredit2`,`modelid1`,`modelid2`,`modelid3`,`modelid4`,`name`,`subname`,`IconName`,`gossip_menu_id`,`minlevel`,`maxlevel`,`exp`,`exp_unk`,`faction_A`,`faction_H`,`npcflag`,`speed_walk`,`speed_run`,`speed_fly`,`scale`,`rank`,`mindmg`,`maxdmg`,`dmgschool`,`attackpower`,`dmg_multiplier`,`baseattacktime`,`rangeattacktime`,`unit_class`,`unit_flags`,`unit_flags2`,`dynamicflags`,`family`,`trainer_type`,`trainer_spell`,`trainer_class`,`trainer_race`,`minrangedmg`,`maxrangedmg`,`rangedattackpower`,`type`,`type_flags`,`type_flags2`,`lootid`,`pickpocketloot`,`skinloot`,`resistance1`,`resistance2`,`resistance3`,`resistance4`,`resistance5`,`resistance6`,`spell1`,`spell2`,`spell3`,`spell4`,`spell5`,`spell6`,`spell7`,`spell8`,`PetSpellDataId`,`VehicleId`,`mingold`,`maxgold`,`AIName`,`MovementType`,`InhabitType`,`HoverHeight`,`Health_mod`,`Mana_mod`,`Mana_mod_extra`,`Armor_mod`,`RacialLeader`,`questItem1`,`questItem2`,`questItem3`,`questItem4`,`questItem5`,`questItem6`,`movementId`,`RegenHealth`,`equipment_id`,`mechanic_immune_mask`,`flags_extra`,`ScriptName`,`WDBVerified`) VALUES ('144965','0','0','0','0','0','0','0','0','0','0','0','0','41677','0','0','0','Minion of Doubt','',NULL,'0','93','93','4','0','16','16','0','1','1.14286','1.14286','1','0','12844','15096','0','48896','6','2000','2000','0','32768','2048','0','0','0','0','0','0','0','0','0','0','0','0','144965','0','0','0','0','0','0','0','0','0','0','0','0','0','0','0','0','0','0','0','0','','0','3','1','8','1','1','1','0','0','0','0','0','0','0','0','1','0','0','0','mob_minion_of_doubt','1');

INSERT INTO `creature`(`guid`,`id`,`map`,`zoneId`,`areaId`,`spawnMask`,`phaseMask`,`modelid`,`equipment_id`,`position_x`,`position_y`,`position_z`,`orientation`,`spawntimesecs`,`spawndist`,`currentwaypoint`,`curhealth`,`curmana`,`MovementType`,`npcflag`,`unit_flags`,`dynamicflags`,`isActive`) VALUES ( NULL,'144965','960','5956','6119','4','1','0','0','923.475','-2578.48','179.821','1.43826','300','0','0','1','0','0','0','0','0','0');

INSERT INTO `creature`(`guid`,`id`,`map`,`zoneId`,`areaId`,`spawnMask`,`phaseMask`,`modelid`,`equipment_id`,`position_x`,`position_y`,`position_z`,`orientation`,`spawntimesecs`,`spawndist`,`currentwaypoint`,`curhealth`,`curmana`,`MovementType`,`npcflag`,`unit_flags`,`dynamicflags`,`isActive`) VALUES ( NULL,'144965','960','5956','6119','4','1','0','0','951.596','-2548.52','179.822','5.97099','300','0','0','1','0','0','0','0','0','0');

INSERT INTO `creature`(`guid`,`id`,`map`,`zoneId`,`areaId`,`spawnMask`,`phaseMask`,`modelid`,`equipment_id`,`position_x`,`position_y`,`position_z`,`orientation`,`spawntimesecs`,`spawndist`,`currentwaypoint`,`curhealth`,`curmana`,`MovementType`,`npcflag`,`unit_flags`,`dynamicflags`,`isActive`) VALUES ( NULL,'144965','960','5956','6119','4','1','0','0','917.337','-2538.43','179.821','5.71492','300','0','0','1','0','0','0','0','0','0');

REPLACE INTO `creature_template`(`entry`,`difficulty_entry_1`,`difficulty_entry_2`,`difficulty_entry_3`,`difficulty_entry_4`,`difficulty_entry_5`,`difficulty_entry_6`,`difficulty_entry_7`,`difficulty_entry_8`,`difficulty_entry_9`,`difficulty_entry_10`,`KillCredit1`,`KillCredit2`,`modelid1`,`modelid2`,`modelid3`,`modelid4`,`name`,`subname`,`IconName`,`gossip_menu_id`,`minlevel`,`maxlevel`,`exp`,`exp_unk`,`faction_A`,`faction_H`,`npcflag`,`speed_walk`,`speed_run`,`speed_fly`,`scale`,`rank`,`mindmg`,`maxdmg`,`dmgschool`,`attackpower`,`dmg_multiplier`,`baseattacktime`,`rangeattacktime`,`unit_class`,`unit_flags`,`unit_flags2`,`dynamicflags`,`family`,`trainer_type`,`trainer_spell`,`trainer_class`,`trainer_race`,`minrangedmg`,`maxrangedmg`,`rangedattackpower`,`type`,`type_flags`,`type_flags2`,`lootid`,`pickpocketloot`,`skinloot`,`resistance1`,`resistance2`,`resistance3`,`resistance4`,`resistance5`,`resistance6`,`spell1`,`spell2`,`spell3`,`spell4`,`spell5`,`spell6`,`spell7`,`spell8`,`PetSpellDataId`,`VehicleId`,`mingold`,`maxgold`,`AIName`,`MovementType`,`InhabitType`,`HoverHeight`,`Health_mod`,`Mana_mod`,`Mana_mod_extra`,`Armor_mod`,`RacialLeader`,`questItem1`,`questItem2`,`questItem3`,`questItem4`,`questItem5`,`questItem6`,`movementId`,`RegenHealth`,`equipment_id`,`mechanic_immune_mask`,`flags_extra`,`ScriptName`,`WDBVerified`) VALUES ('144966','0','0','0','0','0','0','0','0','0','0','0','0','42914','0','0','0','Corrupted Scroll','',NULL,'0','93','93','4','0','14','14','0','1','1.14286','1.14286','1','0','10862','12856','0','41506','6','2000','2000','0','33280','2048','0','0','0','0','0','0','0','0','0','0','0','0','144966','0','0','0','0','0','0','0','0','0','0','0','0','0','0','0','0','0','0','0','0','','0','3','1','1','1','1','1','0','0','0','0','0','0','0','0','1','0','0','0','','1');

INSERT INTO `creature`(`guid`,`id`,`map`,`zoneId`,`areaId`,`spawnMask`,`phaseMask`,`modelid`,`equipment_id`,`position_x`,`position_y`,`position_z`,`orientation`,`spawntimesecs`,`spawndist`,`currentwaypoint`,`curhealth`,`curmana`,`MovementType`,`npcflag`,`unit_flags`,`dynamicflags`,`isActive`) VALUES ( NULL,'144966','960','5956','6118','4','1','0','0','846.196','-2455.66','175.044','2.77507','7200','0','0','1','0','0','0','33280','0','0');

REPLACE INTO `creature_template`(`entry`,`difficulty_entry_1`,`difficulty_entry_2`,`difficulty_entry_3`,`difficulty_entry_4`,`difficulty_entry_5`,`difficulty_entry_6`,`difficulty_entry_7`,`difficulty_entry_8`,`difficulty_entry_9`,`difficulty_entry_10`,`KillCredit1`,`KillCredit2`,`modelid1`,`modelid2`,`modelid3`,`modelid4`,`name`,`subname`,`IconName`,`gossip_menu_id`,`minlevel`,`maxlevel`,`exp`,`exp_unk`,`faction_A`,`faction_H`,`npcflag`,`speed_walk`,`speed_run`,`speed_fly`,`scale`,`rank`,`mindmg`,`maxdmg`,`dmgschool`,`attackpower`,`dmg_multiplier`,`baseattacktime`,`rangeattacktime`,`unit_class`,`unit_flags`,`unit_flags2`,`dynamicflags`,`family`,`trainer_type`,`trainer_spell`,`trainer_class`,`trainer_race`,`minrangedmg`,`maxrangedmg`,`rangedattackpower`,`type`,`type_flags`,`type_flags2`,`lootid`,`pickpocketloot`,`skinloot`,`resistance1`,`resistance2`,`resistance3`,`resistance4`,`resistance5`,`resistance6`,`spell1`,`spell2`,`spell3`,`spell4`,`spell5`,`spell6`,`spell7`,`spell8`,`PetSpellDataId`,`VehicleId`,`mingold`,`maxgold`,`AIName`,`MovementType`,`InhabitType`,`HoverHeight`,`Health_mod`,`Mana_mod`,`Mana_mod_extra`,`Armor_mod`,`RacialLeader`,`questItem1`,`questItem2`,`questItem3`,`questItem4`,`questItem5`,`questItem6`,`movementId`,`RegenHealth`,`equipment_id`,`mechanic_immune_mask`,`flags_extra`,`ScriptName`,`WDBVerified`) VALUES ('144967','0','0','0','0','0','0','0','0','0','0','0','0','39506','0','0','0','Lorewalker Stonestep','The Keeper of Scrolls',NULL,'0','93','93','4','0','16','16','0','1','1.14286','1.14286','1','0','18542','26252','0','78390','6','2000','2000','0','32768','2048','0','0','0','0','0','0','0','0','0','0','0','0','144967','0','0','0','0','0','0','0','0','0','0','0','0','0','0','0','0','0','0','0','0','','0','3','1','30','1','1','1','0','0','0','0','0','0','0','0','1','0','0','0','boss_lorewalker_stonestep','1');

INSERT INTO `creature`(`guid`,`id`,`map`,`zoneId`,`areaId`,`spawnMask`,`phaseMask`,`modelid`,`equipment_id`,`position_x`,`position_y`,`position_z`,`orientation`,`spawntimesecs`,`spawndist`,`currentwaypoint`,`curhealth`,`curmana`,`MovementType`,`npcflag`,`unit_flags`,`dynamicflags`,`isActive`) VALUES ( NULL,'144967','960','5956','6118','4','1','0','0','842.846','-2464.76','174.961','1.24475','300','0','0','1','0','0','0','0','0','0');

REPLACE INTO `creature_template`(`entry`,`difficulty_entry_1`,`difficulty_entry_2`,`difficulty_entry_3`,`difficulty_entry_4`,`difficulty_entry_5`,`difficulty_entry_6`,`difficulty_entry_7`,`difficulty_entry_8`,`difficulty_entry_9`,`difficulty_entry_10`,`KillCredit1`,`KillCredit2`,`modelid1`,`modelid2`,`modelid3`,`modelid4`,`name`,`subname`,`IconName`,`gossip_menu_id`,`minlevel`,`maxlevel`,`exp`,`exp_unk`,`faction_A`,`faction_H`,`npcflag`,`speed_walk`,`speed_run`,`speed_fly`,`scale`,`rank`,`mindmg`,`maxdmg`,`dmgschool`,`attackpower`,`dmg_multiplier`,`baseattacktime`,`rangeattacktime`,`unit_class`,`unit_flags`,`unit_flags2`,`dynamicflags`,`family`,`trainer_type`,`trainer_spell`,`trainer_class`,`trainer_race`,`minrangedmg`,`maxrangedmg`,`rangedattackpower`,`type`,`type_flags`,`type_flags2`,`lootid`,`pickpocketloot`,`skinloot`,`resistance1`,`resistance2`,`resistance3`,`resistance4`,`resistance5`,`resistance6`,`spell1`,`spell2`,`spell3`,`spell4`,`spell5`,`spell6`,`spell7`,`spell8`,`PetSpellDataId`,`VehicleId`,`mingold`,`maxgold`,`AIName`,`MovementType`,`InhabitType`,`HoverHeight`,`Health_mod`,`Mana_mod`,`Mana_mod_extra`,`Armor_mod`,`RacialLeader`,`questItem1`,`questItem2`,`questItem3`,`questItem4`,`questItem5`,`questItem6`,`movementId`,`RegenHealth`,`equipment_id`,`mechanic_immune_mask`,`flags_extra`,`ScriptName`,`WDBVerified`) VALUES ('144968','0','0','0','0','0','0','0','0','0','0','0','0','39487','0','0','0','Liu Flameheart','Priestess of the Jade Serpent',NULL,'0','93','93','4','0','16','16','0','1','1.14286','1.14286','1','0','13878','19572','0','58538','6','2000','2000','0','32832','2048','0','0','0','0','0','0','0','0','0','0','0','0','144968','0','0','0','0','0','0','0','0','0','0','0','0','0','0','0','0','0','0','0','0','','0','3','1','25','7','1','1','0','0','0','0','0','0','0','0','1','0','0','0','boss_liu_flameheart','1');

INSERT INTO `creature`(`guid`,`id`,`map`,`zoneId`,`areaId`,`spawnMask`,`phaseMask`,`modelid`,`equipment_id`,`position_x`,`position_y`,`position_z`,`orientation`,`spawntimesecs`,`spawndist`,`currentwaypoint`,`curhealth`,`curmana`,`MovementType`,`npcflag`,`unit_flags`,`dynamicflags`,`isActive`) VALUES ( NULL,'144968','960','5956','5956','4','1','0','0','917.177','-2600.15','243.612','1.36226','7200','0','0','1','0','0','0','33587264','0','0');

REPLACE INTO `creature_template`(`entry`,`difficulty_entry_1`,`difficulty_entry_2`,`difficulty_entry_3`,`difficulty_entry_4`,`difficulty_entry_5`,`difficulty_entry_6`,`difficulty_entry_7`,`difficulty_entry_8`,`difficulty_entry_9`,`difficulty_entry_10`,`KillCredit1`,`KillCredit2`,`modelid1`,`modelid2`,`modelid3`,`modelid4`,`name`,`subname`,`IconName`,`gossip_menu_id`,`minlevel`,`maxlevel`,`exp`,`exp_unk`,`faction_A`,`faction_H`,`npcflag`,`speed_walk`,`speed_run`,`speed_fly`,`scale`,`rank`,`mindmg`,`maxdmg`,`dmgschool`,`attackpower`,`dmg_multiplier`,`baseattacktime`,`rangeattacktime`,`unit_class`,`unit_flags`,`unit_flags2`,`dynamicflags`,`family`,`trainer_type`,`trainer_spell`,`trainer_class`,`trainer_race`,`minrangedmg`,`maxrangedmg`,`rangedattackpower`,`type`,`type_flags`,`type_flags2`,`lootid`,`pickpocketloot`,`skinloot`,`resistance1`,`resistance2`,`resistance3`,`resistance4`,`resistance5`,`resistance6`,`spell1`,`spell2`,`spell3`,`spell4`,`spell5`,`spell6`,`spell7`,`spell8`,`PetSpellDataId`,`VehicleId`,`mingold`,`maxgold`,`AIName`,`MovementType`,`InhabitType`,`HoverHeight`,`Health_mod`,`Mana_mod`,`Mana_mod_extra`,`Armor_mod`,`RacialLeader`,`questItem1`,`questItem2`,`questItem3`,`questItem4`,`questItem5`,`questItem6`,`movementId`,`RegenHealth`,`equipment_id`,`mechanic_immune_mask`,`flags_extra`,`ScriptName`,`WDBVerified`) VALUES ('144969','0','0','0','0','0','0','0','0','0','0','0','0','39442','0','0','0','Corrupt Droplet','',NULL,'0','93','93','4','0','14','14','0','1','1.14286','1.14286','1','0','10862','12856','0','41506','2','2000','2000','0','0','2048','0','0','0','0','0','0','0','0','0','0','0','0','144969','0','0','0','0','0','0','0','0','0','0','0','0','0','0','0','0','0','0','0','0','','0','3','1','1','1','1','1','0','0','0','0','0','0','0','0','1','0','0','0','','1');

INSERT INTO `creature`(`guid`,`id`,`map`,`zoneId`,`areaId`,`spawnMask`,`phaseMask`,`modelid`,`equipment_id`,`position_x`,`position_y`,`position_z`,`orientation`,`spawntimesecs`,`spawndist`,`currentwaypoint`,`curhealth`,`curmana`,`MovementType`,`npcflag`,`unit_flags`,`dynamicflags`,`isActive`) VALUES ( NULL,'144969','960','5956','6117','4','1','0','0','1033.02','-2492.67','175.055','2.9906','7200','0','0','1','0','0','0','2048','0','0');

INSERT INTO `creature`(`guid`,`id`,`map`,`zoneId`,`areaId`,`spawnMask`,`phaseMask`,`modelid`,`equipment_id`,`position_x`,`position_y`,`position_z`,`orientation`,`spawntimesecs`,`spawndist`,`currentwaypoint`,`curhealth`,`curmana`,`MovementType`,`npcflag`,`unit_flags`,`dynamicflags`,`isActive`) VALUES ( NULL,'144969','960','5956','6117','4','1','0','0','1030.53','-2487.48','174.796','2.9906','7200','0','0','1','0','0','0','2048','0','0');

INSERT INTO `creature`(`guid`,`id`,`map`,`zoneId`,`areaId`,`spawnMask`,`phaseMask`,`modelid`,`equipment_id`,`position_x`,`position_y`,`position_z`,`orientation`,`spawntimesecs`,`spawndist`,`currentwaypoint`,`curhealth`,`curmana`,`MovementType`,`npcflag`,`unit_flags`,`dynamicflags`,`isActive`) VALUES ( NULL,'144969','960','5956','6117','4','1','0','0','1010.49','-2507.01','179.717','4.14552','7200','0','0','1','0','0','0','2048','0','0');

INSERT INTO `creature`(`guid`,`id`,`map`,`zoneId`,`areaId`,`spawnMask`,`phaseMask`,`modelid`,`equipment_id`,`position_x`,`position_y`,`position_z`,`orientation`,`spawntimesecs`,`spawndist`,`currentwaypoint`,`curhealth`,`curmana`,`MovementType`,`npcflag`,`unit_flags`,`dynamicflags`,`isActive`) VALUES ( NULL,'144969','960','5956','6117','4','1','0','0','1014.49','-2511.46','180.563','4.14552','7200','0','0','1','0','0','0','2048','0','0');

INSERT INTO `creature`(`guid`,`id`,`map`,`zoneId`,`areaId`,`spawnMask`,`phaseMask`,`modelid`,`equipment_id`,`position_x`,`position_y`,`position_z`,`orientation`,`spawntimesecs`,`spawndist`,`currentwaypoint`,`curhealth`,`curmana`,`MovementType`,`npcflag`,`unit_flags`,`dynamicflags`,`isActive`) VALUES ( NULL,'144969','960','5956','6117','4','1','0','0','997.018','-2520.41','180.589','5.37254','7200','0','0','1','0','0','0','2048','0','0');

INSERT INTO `creature`(`guid`,`id`,`map`,`zoneId`,`areaId`,`spawnMask`,`phaseMask`,`modelid`,`equipment_id`,`position_x`,`position_y`,`position_z`,`orientation`,`spawntimesecs`,`spawndist`,`currentwaypoint`,`curhealth`,`curmana`,`MovementType`,`npcflag`,`unit_flags`,`dynamicflags`,`isActive`) VALUES ( NULL,'144969','960','5956','6117','4','1','0','0','1000.14','-2517.23','180.567','5.37254','7200','0','0','1','0','0','0','2048','0','0');

INSERT INTO `creature`(`guid`,`id`,`map`,`zoneId`,`areaId`,`spawnMask`,`phaseMask`,`modelid`,`equipment_id`,`position_x`,`position_y`,`position_z`,`orientation`,`spawntimesecs`,`spawndist`,`currentwaypoint`,`curhealth`,`curmana`,`MovementType`,`npcflag`,`unit_flags`,`dynamicflags`,`isActive`) VALUES ( NULL,'144969','960','5956','6117','4','1','0','0','1000.02','-2523.22','180.563','5.37254','7200','0','0','1','0','0','0','2048','0','0');

REPLACE INTO `creature_template`(`entry`,`difficulty_entry_1`,`difficulty_entry_2`,`difficulty_entry_3`,`difficulty_entry_4`,`difficulty_entry_5`,`difficulty_entry_6`,`difficulty_entry_7`,`difficulty_entry_8`,`difficulty_entry_9`,`difficulty_entry_10`,`KillCredit1`,`KillCredit2`,`modelid1`,`modelid2`,`modelid3`,`modelid4`,`name`,`subname`,`IconName`,`gossip_menu_id`,`minlevel`,`maxlevel`,`exp`,`exp_unk`,`faction_A`,`faction_H`,`npcflag`,`speed_walk`,`speed_run`,`speed_fly`,`scale`,`rank`,`mindmg`,`maxdmg`,`dmgschool`,`attackpower`,`dmg_multiplier`,`baseattacktime`,`rangeattacktime`,`unit_class`,`unit_flags`,`unit_flags2`,`dynamicflags`,`family`,`trainer_type`,`trainer_spell`,`trainer_class`,`trainer_race`,`minrangedmg`,`maxrangedmg`,`rangedattackpower`,`type`,`type_flags`,`type_flags2`,`lootid`,`pickpocketloot`,`skinloot`,`resistance1`,`resistance2`,`resistance3`,`resistance4`,`resistance5`,`resistance6`,`spell1`,`spell2`,`spell3`,`spell4`,`spell5`,`spell6`,`spell7`,`spell8`,`PetSpellDataId`,`VehicleId`,`mingold`,`maxgold`,`AIName`,`MovementType`,`InhabitType`,`HoverHeight`,`Health_mod`,`Mana_mod`,`Mana_mod_extra`,`Armor_mod`,`RacialLeader`,`questItem1`,`questItem2`,`questItem3`,`questItem4`,`questItem5`,`questItem6`,`movementId`,`RegenHealth`,`equipment_id`,`mechanic_immune_mask`,`flags_extra`,`ScriptName`,`WDBVerified`) VALUES ('144970','0','0','0','0','0','0','0','0','0','0','0','0','11686','0','0','0','Fountain Stalker','',NULL,'0','93','93','4','0','1665','1665','0','1','1.14286','1.14286','1','0','0','0','0','0','2','2000','2000','0','33554432','2048','0','0','0','0','0','0','0','0','0','0','0','0','144970','0','0','0','0','0','0','0','0','0','0','0','0','0','0','0','0','0','0','0','0','','0','3','1','1','1','1','1','0','0','0','0','0','0','0','0','1','0','0','128','','1');

INSERT INTO `creature`(`guid`,`id`,`map`,`zoneId`,`areaId`,`spawnMask`,`phaseMask`,`modelid`,`equipment_id`,`position_x`,`position_y`,`position_z`,`orientation`,`spawntimesecs`,`spawndist`,`currentwaypoint`,`curhealth`,`curmana`,`MovementType`,`npcflag`,`unit_flags`,`dynamicflags`,`isActive`) VALUES ( NULL,'144970','960','5956','6117','4','1','0','0','1022.74','-2544.29','173.776','5.95157','7200','0','0','1','0','0','0','33554432','0','0');

INSERT INTO `creature`(`guid`,`id`,`map`,`zoneId`,`areaId`,`spawnMask`,`phaseMask`,`modelid`,`equipment_id`,`position_x`,`position_y`,`position_z`,`orientation`,`spawntimesecs`,`spawndist`,`currentwaypoint`,`curhealth`,`curmana`,`MovementType`,`npcflag`,`unit_flags`,`dynamicflags`,`isActive`) VALUES ( NULL,'144970','960','5956','6117','4','1','0','0','1023.31','-2569.7','176.034','0.418879','7200','0','0','1','0','0','0','33554432','0','0');

INSERT INTO `creature`(`guid`,`id`,`map`,`zoneId`,`areaId`,`spawnMask`,`phaseMask`,`modelid`,`equipment_id`,`position_x`,`position_y`,`position_z`,`orientation`,`spawntimesecs`,`spawndist`,`currentwaypoint`,`curhealth`,`curmana`,`MovementType`,`npcflag`,`unit_flags`,`dynamicflags`,`isActive`) VALUES ( NULL,'144970','960','5956','6117','4','1','0','0','1059.94','-2581.65','176.143','2.11185','7200','0','0','1','0','0','0','33554432','0','0');

REPLACE INTO `creature_template`(`entry`,`difficulty_entry_1`,`difficulty_entry_2`,`difficulty_entry_3`,`difficulty_entry_4`,`difficulty_entry_5`,`difficulty_entry_6`,`difficulty_entry_7`,`difficulty_entry_8`,`difficulty_entry_9`,`difficulty_entry_10`,`KillCredit1`,`KillCredit2`,`modelid1`,`modelid2`,`modelid3`,`modelid4`,`name`,`subname`,`IconName`,`gossip_menu_id`,`minlevel`,`maxlevel`,`exp`,`exp_unk`,`faction_A`,`faction_H`,`npcflag`,`speed_walk`,`speed_run`,`speed_fly`,`scale`,`rank`,`mindmg`,`maxdmg`,`dmgschool`,`attackpower`,`dmg_multiplier`,`baseattacktime`,`rangeattacktime`,`unit_class`,`unit_flags`,`unit_flags2`,`dynamicflags`,`family`,`trainer_type`,`trainer_spell`,`trainer_class`,`trainer_race`,`minrangedmg`,`maxrangedmg`,`rangedattackpower`,`type`,`type_flags`,`type_flags2`,`lootid`,`pickpocketloot`,`skinloot`,`resistance1`,`resistance2`,`resistance3`,`resistance4`,`resistance5`,`resistance6`,`spell1`,`spell2`,`spell3`,`spell4`,`spell5`,`spell6`,`spell7`,`spell8`,`PetSpellDataId`,`VehicleId`,`mingold`,`maxgold`,`AIName`,`MovementType`,`InhabitType`,`HoverHeight`,`Health_mod`,`Mana_mod`,`Mana_mod_extra`,`Armor_mod`,`RacialLeader`,`questItem1`,`questItem2`,`questItem3`,`questItem4`,`questItem5`,`questItem6`,`movementId`,`RegenHealth`,`equipment_id`,`mechanic_immune_mask`,`flags_extra`,`ScriptName`,`WDBVerified`) VALUES ('144971','0','0','0','0','0','0','0','0','0','0','0','0','11686','0','0','0','Splash Stalker','',NULL,'0','93','93','4','0','14','14','0','1','1.14286','1.14286','1','0','10862','12856','0','41506','2','2000','2000','0','33554432','2048','0','0','0','0','0','0','0','0','0','0','0','0','144971','0','0','0','0','0','0','0','0','0','0','0','0','0','0','0','0','0','0','0','0','','0','3','1','1','1','1','1','0','0','0','0','0','0','0','0','1','0','0','128','','1');

INSERT INTO `creature`(`guid`,`id`,`map`,`zoneId`,`areaId`,`spawnMask`,`phaseMask`,`modelid`,`equipment_id`,`position_x`,`position_y`,`position_z`,`orientation`,`spawntimesecs`,`spawndist`,`currentwaypoint`,`curhealth`,`curmana`,`MovementType`,`npcflag`,`unit_flags`,`dynamicflags`,`isActive`) VALUES ( NULL,'144971','960','5956','6117','4','1','0','0','1070.37','-2553.73','170.292','0','7200','0','0','1','0','0','0','33554432','0','0');

INSERT INTO `creature`(`guid`,`id`,`map`,`zoneId`,`areaId`,`spawnMask`,`phaseMask`,`modelid`,`equipment_id`,`position_x`,`position_y`,`position_z`,`orientation`,`spawntimesecs`,`spawndist`,`currentwaypoint`,`curhealth`,`curmana`,`MovementType`,`npcflag`,`unit_flags`,`dynamicflags`,`isActive`) VALUES ( NULL,'144971','960','5956','6117','4','1','0','0','1050.25','-2536.33','170.292','0','7200','0','0','1','0','0','0','33554432','0','0');

INSERT INTO `creature`(`guid`,`id`,`map`,`zoneId`,`areaId`,`spawnMask`,`phaseMask`,`modelid`,`equipment_id`,`position_x`,`position_y`,`position_z`,`orientation`,`spawntimesecs`,`spawndist`,`currentwaypoint`,`curhealth`,`curmana`,`MovementType`,`npcflag`,`unit_flags`,`dynamicflags`,`isActive`) VALUES ( NULL,'144971','960','5956','6117','4','1','0','0','1040.67','-2536.93','170.292','0','7200','0','0','1','0','0','0','33554432','0','0');

INSERT INTO `creature`(`guid`,`id`,`map`,`zoneId`,`areaId`,`spawnMask`,`phaseMask`,`modelid`,`equipment_id`,`position_x`,`position_y`,`position_z`,`orientation`,`spawntimesecs`,`spawndist`,`currentwaypoint`,`curhealth`,`curmana`,`MovementType`,`npcflag`,`unit_flags`,`dynamicflags`,`isActive`) VALUES ( NULL,'144971','960','5956','6117','4','1','0','0','1054.23','-2537.28','170.292','0','7200','0','0','1','0','0','0','33554432','0','0');

INSERT INTO `creature`(`guid`,`id`,`map`,`zoneId`,`areaId`,`spawnMask`,`phaseMask`,`modelid`,`equipment_id`,`position_x`,`position_y`,`position_z`,`orientation`,`spawntimesecs`,`spawndist`,`currentwaypoint`,`curhealth`,`curmana`,`MovementType`,`npcflag`,`unit_flags`,`dynamicflags`,`isActive`) VALUES ( NULL,'144971','960','5956','6117','4','1','0','0','1058.21','-2538.86','170.292','0','7200','0','0','1','0','0','0','33554432','0','0');

INSERT INTO `creature`(`guid`,`id`,`map`,`zoneId`,`areaId`,`spawnMask`,`phaseMask`,`modelid`,`equipment_id`,`position_x`,`position_y`,`position_z`,`orientation`,`spawntimesecs`,`spawndist`,`currentwaypoint`,`curhealth`,`curmana`,`MovementType`,`npcflag`,`unit_flags`,`dynamicflags`,`isActive`) VALUES ( NULL,'144971','960','5956','6117','4','1','0','0','1062.45','-2541.35','170.292','0','7200','0','0','1','0','0','0','33554432','0','0');

INSERT INTO `creature`(`guid`,`id`,`map`,`zoneId`,`areaId`,`spawnMask`,`phaseMask`,`modelid`,`equipment_id`,`position_x`,`position_y`,`position_z`,`orientation`,`spawntimesecs`,`spawndist`,`currentwaypoint`,`curhealth`,`curmana`,`MovementType`,`npcflag`,`unit_flags`,`dynamicflags`,`isActive`) VALUES ( NULL,'144971','960','5956','6117','4','1','0','0','1065.88','-2545.26','170.292','0','7200','0','0','1','0','0','0','33554432','0','0');

INSERT INTO `creature`(`guid`,`id`,`map`,`zoneId`,`areaId`,`spawnMask`,`phaseMask`,`modelid`,`equipment_id`,`position_x`,`position_y`,`position_z`,`orientation`,`spawntimesecs`,`spawndist`,`currentwaypoint`,`curhealth`,`curmana`,`MovementType`,`npcflag`,`unit_flags`,`dynamicflags`,`isActive`) VALUES ( NULL,'144971','960','5956','6117','4','1','0','0','1051.66','-2545.79','170.274','1.25664','7200','0','0','1','0','0','0','33554432','0','0');

INSERT INTO `creature`(`guid`,`id`,`map`,`zoneId`,`areaId`,`spawnMask`,`phaseMask`,`modelid`,`equipment_id`,`position_x`,`position_y`,`position_z`,`orientation`,`spawntimesecs`,`spawndist`,`currentwaypoint`,`curhealth`,`curmana`,`MovementType`,`npcflag`,`unit_flags`,`dynamicflags`,`isActive`) VALUES ( NULL,'144971','960','5956','6117','4','1','0','0','1068.62','-2549.29','170.292','0','7200','0','0','1','0','0','0','33554432','0','0');

INSERT INTO `creature`(`guid`,`id`,`map`,`zoneId`,`areaId`,`spawnMask`,`phaseMask`,`modelid`,`equipment_id`,`position_x`,`position_y`,`position_z`,`orientation`,`spawntimesecs`,`spawndist`,`currentwaypoint`,`curhealth`,`curmana`,`MovementType`,`npcflag`,`unit_flags`,`dynamicflags`,`isActive`) VALUES ( NULL,'144971','960','5956','6117','4','1','0','0','1045.61','-2535.87','170.292','0','7200','0','0','1','0','0','0','33554432','0','0');

REPLACE INTO `creature_template`(`entry`,`difficulty_entry_1`,`difficulty_entry_2`,`difficulty_entry_3`,`difficulty_entry_4`,`difficulty_entry_5`,`difficulty_entry_6`,`difficulty_entry_7`,`difficulty_entry_8`,`difficulty_entry_9`,`difficulty_entry_10`,`KillCredit1`,`KillCredit2`,`modelid1`,`modelid2`,`modelid3`,`modelid4`,`name`,`subname`,`IconName`,`gossip_menu_id`,`minlevel`,`maxlevel`,`exp`,`exp_unk`,`faction_A`,`faction_H`,`npcflag`,`speed_walk`,`speed_run`,`speed_fly`,`scale`,`rank`,`mindmg`,`maxdmg`,`dmgschool`,`attackpower`,`dmg_multiplier`,`baseattacktime`,`rangeattacktime`,`unit_class`,`unit_flags`,`unit_flags2`,`dynamicflags`,`family`,`trainer_type`,`trainer_spell`,`trainer_class`,`trainer_race`,`minrangedmg`,`maxrangedmg`,`rangedattackpower`,`type`,`type_flags`,`type_flags2`,`lootid`,`pickpocketloot`,`skinloot`,`resistance1`,`resistance2`,`resistance3`,`resistance4`,`resistance5`,`resistance6`,`spell1`,`spell2`,`spell3`,`spell4`,`spell5`,`spell6`,`spell7`,`spell8`,`PetSpellDataId`,`VehicleId`,`mingold`,`maxgold`,`AIName`,`MovementType`,`InhabitType`,`HoverHeight`,`Health_mod`,`Mana_mod`,`Mana_mod_extra`,`Armor_mod`,`RacialLeader`,`questItem1`,`questItem2`,`questItem3`,`questItem4`,`questItem5`,`questItem6`,`movementId`,`RegenHealth`,`equipment_id`,`mechanic_immune_mask`,`flags_extra`,`ScriptName`,`WDBVerified`) VALUES ('144972','0','0','0','0','0','0','0','0','0','0','0','0','43999','0','0','0','Corrupt Living Water','',NULL,'0','93','93','4','0','14','14','0','1','1.14286','1.14286','1','0','10862','12856','0','41506','6','2000','2000','0','0','2048','0','0','0','0','0','0','0','0','0','0','0','0','144972','0','0','0','0','0','0','0','0','0','0','0','0','0','0','0','0','0','0','0','0','','0','3','1','5','1','1','1','0','0','0','0','0','0','0','0','1','0','0','0','mob_corrupt_living_water','1');

INSERT INTO `creature`(`guid`,`id`,`map`,`zoneId`,`areaId`,`spawnMask`,`phaseMask`,`modelid`,`equipment_id`,`position_x`,`position_y`,`position_z`,`orientation`,`spawntimesecs`,`spawndist`,`currentwaypoint`,`curhealth`,`curmana`,`MovementType`,`npcflag`,`unit_flags`,`dynamicflags`,`isActive`) VALUES ( NULL,'144972','960','5956','5956','4','1','0','0','1003.87','-2549.74','269.299','3.07513','300','0','0','1','0','0','0','0','0','0');

REPLACE INTO `creature_template`(`entry`,`difficulty_entry_1`,`difficulty_entry_2`,`difficulty_entry_3`,`difficulty_entry_4`,`difficulty_entry_5`,`difficulty_entry_6`,`difficulty_entry_7`,`difficulty_entry_8`,`difficulty_entry_9`,`difficulty_entry_10`,`KillCredit1`,`KillCredit2`,`modelid1`,`modelid2`,`modelid3`,`modelid4`,`name`,`subname`,`IconName`,`gossip_menu_id`,`minlevel`,`maxlevel`,`exp`,`exp_unk`,`faction_A`,`faction_H`,`npcflag`,`speed_walk`,`speed_run`,`speed_fly`,`scale`,`rank`,`mindmg`,`maxdmg`,`dmgschool`,`attackpower`,`dmg_multiplier`,`baseattacktime`,`rangeattacktime`,`unit_class`,`unit_flags`,`unit_flags2`,`dynamicflags`,`family`,`trainer_type`,`trainer_spell`,`trainer_class`,`trainer_race`,`minrangedmg`,`maxrangedmg`,`rangedattackpower`,`type`,`type_flags`,`type_flags2`,`lootid`,`pickpocketloot`,`skinloot`,`resistance1`,`resistance2`,`resistance3`,`resistance4`,`resistance5`,`resistance6`,`spell1`,`spell2`,`spell3`,`spell4`,`spell5`,`spell6`,`spell7`,`spell8`,`PetSpellDataId`,`VehicleId`,`mingold`,`maxgold`,`AIName`,`MovementType`,`InhabitType`,`HoverHeight`,`Health_mod`,`Mana_mod`,`Mana_mod_extra`,`Armor_mod`,`RacialLeader`,`questItem1`,`questItem2`,`questItem3`,`questItem4`,`questItem5`,`questItem6`,`movementId`,`RegenHealth`,`equipment_id`,`mechanic_immune_mask`,`flags_extra`,`ScriptName`,`WDBVerified`) VALUES ('144973','0','0','0','0','0','0','0','0','0','0','0','0','41125','0','0','0','Wise Mari','Waterspeaker',NULL,'0','93','93','4','0','14','14','0','1','1.14286','1.14286','1','0','13878','19572','0','58538','6','2000','2000','0','32832','2048','0','0','0','0','0','0','0','0','0','0','0','0','144973','0','0','0','0','0','0','0','0','0','0','0','0','0','0','0','0','0','0','0','0','','0','3','1','17.5','1','1','1','0','0','0','0','0','0','0','0','1','0','803979263','0','boss_wase_mari','1');

INSERT INTO `creature`(`guid`,`id`,`map`,`zoneId`,`areaId`,`spawnMask`,`phaseMask`,`modelid`,`equipment_id`,`position_x`,`position_y`,`position_z`,`orientation`,`spawntimesecs`,`spawndist`,`currentwaypoint`,`curhealth`,`curmana`,`MovementType`,`npcflag`,`unit_flags`,`dynamicflags`,`isActive`) VALUES ( NULL,'144973','960','5956','6117','4','1','0','0','1047.01','-2560.26','174.24','1.23918','7200','0','0','1','0','0','0','32832','0','0');

REPLACE INTO `creature_template`(`entry`,`difficulty_entry_1`,`difficulty_entry_2`,`difficulty_entry_3`,`difficulty_entry_4`,`difficulty_entry_5`,`difficulty_entry_6`,`difficulty_entry_7`,`difficulty_entry_8`,`difficulty_entry_9`,`difficulty_entry_10`,`KillCredit1`,`KillCredit2`,`modelid1`,`modelid2`,`modelid3`,`modelid4`,`name`,`subname`,`IconName`,`gossip_menu_id`,`minlevel`,`maxlevel`,`exp`,`exp_unk`,`faction_A`,`faction_H`,`npcflag`,`speed_walk`,`speed_run`,`speed_fly`,`scale`,`rank`,`mindmg`,`maxdmg`,`dmgschool`,`attackpower`,`dmg_multiplier`,`baseattacktime`,`rangeattacktime`,`unit_class`,`unit_flags`,`unit_flags2`,`dynamicflags`,`family`,`trainer_type`,`trainer_spell`,`trainer_class`,`trainer_race`,`minrangedmg`,`maxrangedmg`,`rangedattackpower`,`type`,`type_flags`,`type_flags2`,`lootid`,`pickpocketloot`,`skinloot`,`resistance1`,`resistance2`,`resistance3`,`resistance4`,`resistance5`,`resistance6`,`spell1`,`spell2`,`spell3`,`spell4`,`spell5`,`spell6`,`spell7`,`spell8`,`PetSpellDataId`,`VehicleId`,`mingold`,`maxgold`,`AIName`,`MovementType`,`InhabitType`,`HoverHeight`,`Health_mod`,`Mana_mod`,`Mana_mod_extra`,`Armor_mod`,`RacialLeader`,`questItem1`,`questItem2`,`questItem3`,`questItem4`,`questItem5`,`questItem6`,`movementId`,`RegenHealth`,`equipment_id`,`mechanic_immune_mask`,`flags_extra`,`ScriptName`,`WDBVerified`) VALUES ('144974','0','0','0','0','0','0','0','0','0','0','0','0','45980','0','0','0','Sha of Doubt','',NULL,'0','93','93','4','0','16','16','0','1','1.14286','1.14286','1','0','14652','19572','0','59892','6','2000','2000','0','0','2048','0','0','0','0','0','0','0','0','0','0','0','0','144974','0','0','0','0','0','0','0','0','0','0','0','0','0','0','0','0','0','0','0','0','','0','3','1','30','7','1','1','0','0','0','0','0','0','0','0','1','0','0','0','boss_sha_of_doubt','1');

INSERT INTO `creature`(`guid`,`id`,`map`,`zoneId`,`areaId`,`spawnMask`,`phaseMask`,`modelid`,`equipment_id`,`position_x`,`position_y`,`position_z`,`orientation`,`spawntimesecs`,`spawndist`,`currentwaypoint`,`curhealth`,`curmana`,`MovementType`,`npcflag`,`unit_flags`,`dynamicflags`,`isActive`) VALUES ( NULL,'144974','960','5956','6120','4','1','0','0','900.535','-2648.63','184.542','1.23918','7200','0','0','1','0','0','0','32832','0','0');

REPLACE INTO `creature_template`(`entry`,`difficulty_entry_1`,`difficulty_entry_2`,`difficulty_entry_3`,`difficulty_entry_4`,`difficulty_entry_5`,`difficulty_entry_6`,`difficulty_entry_7`,`difficulty_entry_8`,`difficulty_entry_9`,`difficulty_entry_10`,`KillCredit1`,`KillCredit2`,`modelid1`,`modelid2`,`modelid3`,`modelid4`,`name`,`subname`,`IconName`,`gossip_menu_id`,`minlevel`,`maxlevel`,`exp`,`exp_unk`,`faction_A`,`faction_H`,`npcflag`,`speed_walk`,`speed_run`,`speed_fly`,`scale`,`rank`,`mindmg`,`maxdmg`,`dmgschool`,`attackpower`,`dmg_multiplier`,`baseattacktime`,`rangeattacktime`,`unit_class`,`unit_flags`,`unit_flags2`,`dynamicflags`,`family`,`trainer_type`,`trainer_spell`,`trainer_class`,`trainer_race`,`minrangedmg`,`maxrangedmg`,`rangedattackpower`,`type`,`type_flags`,`type_flags2`,`lootid`,`pickpocketloot`,`skinloot`,`resistance1`,`resistance2`,`resistance3`,`resistance4`,`resistance5`,`resistance6`,`spell1`,`spell2`,`spell3`,`spell4`,`spell5`,`spell6`,`spell7`,`spell8`,`PetSpellDataId`,`VehicleId`,`mingold`,`maxgold`,`AIName`,`MovementType`,`InhabitType`,`HoverHeight`,`Health_mod`,`Mana_mod`,`Mana_mod_extra`,`Armor_mod`,`RacialLeader`,`questItem1`,`questItem2`,`questItem3`,`questItem4`,`questItem5`,`questItem6`,`movementId`,`RegenHealth`,`equipment_id`,`mechanic_immune_mask`,`flags_extra`,`ScriptName`,`WDBVerified`) VALUES ('144975','0','0','0','0','0','0','0','0','0','0','0','0','11686','0','0','0','Conscration','',NULL,'0','93','93','4','0','35','35','16777216','1','1.14286','1.14286','1','0','12844','15096','0','48896','2','2000','2000','0','33554432','2048','0','0','0','0','0','0','0','0','0','0','0','0','144975','0','0','0','0','0','0','0','0','0','0','0','0','0','0','0','0','0','0','0','0','','0','3','1','1','1','1','1','0','0','0','0','0','0','0','0','1','0','0','128','','1');

INSERT INTO `creature`(`guid`,`id`,`map`,`zoneId`,`areaId`,`spawnMask`,`phaseMask`,`modelid`,`equipment_id`,`position_x`,`position_y`,`position_z`,`orientation`,`spawntimesecs`,`spawndist`,`currentwaypoint`,`curhealth`,`curmana`,`MovementType`,`npcflag`,`unit_flags`,`dynamicflags`,`isActive`) VALUES ( NULL,'144975','960','5956','6120','4','1','0','0','882.033','-2638.34','184.459','4.53869','7200','0','0','1','0','0','16777216','33554440','0','0');

INSERT INTO `creature`(`guid`,`id`,`map`,`zoneId`,`areaId`,`spawnMask`,`phaseMask`,`modelid`,`equipment_id`,`position_x`,`position_y`,`position_z`,`orientation`,`spawntimesecs`,`spawndist`,`currentwaypoint`,`curhealth`,`curmana`,`MovementType`,`npcflag`,`unit_flags`,`dynamicflags`,`isActive`) VALUES ( NULL,'144975','960','5956','6120','4','1','0','0','898.731','-2650.56','184.459','1.2254','7200','0','0','1','0','0','16777216','33554440','0','0');

INSERT INTO `creature`(`guid`,`id`,`map`,`zoneId`,`areaId`,`spawnMask`,`phaseMask`,`modelid`,`equipment_id`,`position_x`,`position_y`,`position_z`,`orientation`,`spawntimesecs`,`spawndist`,`currentwaypoint`,`curhealth`,`curmana`,`MovementType`,`npcflag`,`unit_flags`,`dynamicflags`,`isActive`) VALUES ( NULL,'144975','960','5956','6120','4','1','0','0','899.472','-2650.83','184.459','1.21912','7200','0','0','1','0','0','16777216','33554440','0','0');

INSERT INTO `creature`(`guid`,`id`,`map`,`zoneId`,`areaId`,`spawnMask`,`phaseMask`,`modelid`,`equipment_id`,`position_x`,`position_y`,`position_z`,`orientation`,`spawntimesecs`,`spawndist`,`currentwaypoint`,`curhealth`,`curmana`,`MovementType`,`npcflag`,`unit_flags`,`dynamicflags`,`isActive`) VALUES ( NULL,'144975','960','5956','6119','4','1','0','0','927.785','-2584.54','179.849','2.95764','7200','0','0','1','0','0','16777216','33554440','0','0');

INSERT INTO `creature`(`guid`,`id`,`map`,`zoneId`,`areaId`,`spawnMask`,`phaseMask`,`modelid`,`equipment_id`,`position_x`,`position_y`,`position_z`,`orientation`,`spawntimesecs`,`spawndist`,`currentwaypoint`,`curhealth`,`curmana`,`MovementType`,`npcflag`,`unit_flags`,`dynamicflags`,`isActive`) VALUES ( NULL,'144975','960','5956','6118','4','1','0','0','821.101','-2451.49','192.564','0.767517','7200','0','0','1','0','0','16777216','33554440','0','0');

INSERT INTO `creature`(`guid`,`id`,`map`,`zoneId`,`areaId`,`spawnMask`,`phaseMask`,`modelid`,`equipment_id`,`position_x`,`position_y`,`position_z`,`orientation`,`spawntimesecs`,`spawndist`,`currentwaypoint`,`curhealth`,`curmana`,`MovementType`,`npcflag`,`unit_flags`,`dynamicflags`,`isActive`) VALUES ( NULL,'144975','960','5956','6119','4','1','0','0','927.785','-2584.54','179.849','3.20269','7200','0','0','1','0','0','16777216','33554440','0','0');

INSERT INTO `creature`(`guid`,`id`,`map`,`zoneId`,`areaId`,`spawnMask`,`phaseMask`,`modelid`,`equipment_id`,`position_x`,`position_y`,`position_z`,`orientation`,`spawntimesecs`,`spawndist`,`currentwaypoint`,`curhealth`,`curmana`,`MovementType`,`npcflag`,`unit_flags`,`dynamicflags`,`isActive`) VALUES ( NULL,'144975','960','5956','6120','4','1','0','0','907.201','-2642.7','184.407','3.72179','7200','0','0','1','0','0','16777216','33554440','0','0');

INSERT INTO `creature`(`guid`,`id`,`map`,`zoneId`,`areaId`,`spawnMask`,`phaseMask`,`modelid`,`equipment_id`,`position_x`,`position_y`,`position_z`,`orientation`,`spawntimesecs`,`spawndist`,`currentwaypoint`,`curhealth`,`curmana`,`MovementType`,`npcflag`,`unit_flags`,`dynamicflags`,`isActive`) VALUES ( NULL,'144975','960','5956','6120','4','1','0','0','907.201','-2642.7','184.407','3.72179','7200','0','0','1','0','0','16777216','33554440','0','0');

INSERT INTO `creature`(`guid`,`id`,`map`,`zoneId`,`areaId`,`spawnMask`,`phaseMask`,`modelid`,`equipment_id`,`position_x`,`position_y`,`position_z`,`orientation`,`spawntimesecs`,`spawndist`,`currentwaypoint`,`curhealth`,`curmana`,`MovementType`,`npcflag`,`unit_flags`,`dynamicflags`,`isActive`) VALUES ( NULL,'144975','960','5956','6120','4','1','0','0','907.201','-2642.7','184.407','3.72179','7200','0','0','1','0','0','16777216','33554440','0','0');

INSERT INTO `creature`(`guid`,`id`,`map`,`zoneId`,`areaId`,`spawnMask`,`phaseMask`,`modelid`,`equipment_id`,`position_x`,`position_y`,`position_z`,`orientation`,`spawntimesecs`,`spawndist`,`currentwaypoint`,`curhealth`,`curmana`,`MovementType`,`npcflag`,`unit_flags`,`dynamicflags`,`isActive`) VALUES ( NULL,'144975','960','5956','6120','4','1','0','0','907.201','-2642.7','184.407','3.72179','7200','0','0','1','0','0','16777216','33554440','0','0');

INSERT INTO `creature`(`guid`,`id`,`map`,`zoneId`,`areaId`,`spawnMask`,`phaseMask`,`modelid`,`equipment_id`,`position_x`,`position_y`,`position_z`,`orientation`,`spawntimesecs`,`spawndist`,`currentwaypoint`,`curhealth`,`curmana`,`MovementType`,`npcflag`,`unit_flags`,`dynamicflags`,`isActive`) VALUES ( NULL,'144975','960','5956','6120','4','1','0','0','918.532','-2642.39','185.182','1.60435','7200','0','0','1','0','0','16777216','33554440','0','0');

INSERT INTO `creature`(`guid`,`id`,`map`,`zoneId`,`areaId`,`spawnMask`,`phaseMask`,`modelid`,`equipment_id`,`position_x`,`position_y`,`position_z`,`orientation`,`spawntimesecs`,`spawndist`,`currentwaypoint`,`curhealth`,`curmana`,`MovementType`,`npcflag`,`unit_flags`,`dynamicflags`,`isActive`) VALUES ( NULL,'144975','960','5956','6120','4','1','0','0','918.532','-2642.39','185.182','1.60435','7200','0','0','1','0','0','16777216','33554440','0','0');

INSERT INTO `creature`(`guid`,`id`,`map`,`zoneId`,`areaId`,`spawnMask`,`phaseMask`,`modelid`,`equipment_id`,`position_x`,`position_y`,`position_z`,`orientation`,`spawntimesecs`,`spawndist`,`currentwaypoint`,`curhealth`,`curmana`,`MovementType`,`npcflag`,`unit_flags`,`dynamicflags`,`isActive`) VALUES ( NULL,'144975','960','5956','6120','4','1','0','0','907.438','-2646.39','184.491','3.55074','7200','0','0','1','0','0','16777216','33554440','0','0');

INSERT INTO `creature`(`guid`,`id`,`map`,`zoneId`,`areaId`,`spawnMask`,`phaseMask`,`modelid`,`equipment_id`,`position_x`,`position_y`,`position_z`,`orientation`,`spawntimesecs`,`spawndist`,`currentwaypoint`,`curhealth`,`curmana`,`MovementType`,`npcflag`,`unit_flags`,`dynamicflags`,`isActive`) VALUES ( NULL,'144975','960','5956','6119','4','1','0','0','919.978','-2567.56','179.821','1.21838','7200','0','0','1','0','0','16777216','33554440','0','0');

INSERT INTO `creature`(`guid`,`id`,`map`,`zoneId`,`areaId`,`spawnMask`,`phaseMask`,`modelid`,`equipment_id`,`position_x`,`position_y`,`position_z`,`orientation`,`spawntimesecs`,`spawndist`,`currentwaypoint`,`curhealth`,`curmana`,`MovementType`,`npcflag`,`unit_flags`,`dynamicflags`,`isActive`) VALUES ( NULL,'144975','960','5956','6119','4','1','0','0','927.146','-2583.71','179.82','3.46602','7200','0','0','1','0','0','16777216','33554440','0','0');

INSERT INTO `creature`(`guid`,`id`,`map`,`zoneId`,`areaId`,`spawnMask`,`phaseMask`,`modelid`,`equipment_id`,`position_x`,`position_y`,`position_z`,`orientation`,`spawntimesecs`,`spawndist`,`currentwaypoint`,`curhealth`,`curmana`,`MovementType`,`npcflag`,`unit_flags`,`dynamicflags`,`isActive`) VALUES ( NULL,'144975','960','5956','6119','4','1','0','0','925.484','-2582.52','179.82','3.84602','7200','0','0','1','0','0','16777216','33554440','0','0');

INSERT INTO `creature`(`guid`,`id`,`map`,`zoneId`,`areaId`,`spawnMask`,`phaseMask`,`modelid`,`equipment_id`,`position_x`,`position_y`,`position_z`,`orientation`,`spawntimesecs`,`spawndist`,`currentwaypoint`,`curhealth`,`curmana`,`MovementType`,`npcflag`,`unit_flags`,`dynamicflags`,`isActive`) VALUES ( NULL,'144975','960','5956','5956','4','1','0','0','918.251','-2567.66','179.821','0.861023','7200','0','0','1','0','0','16777216','33554440','0','0');

INSERT INTO `creature`(`guid`,`id`,`map`,`zoneId`,`areaId`,`spawnMask`,`phaseMask`,`modelid`,`equipment_id`,`position_x`,`position_y`,`position_z`,`orientation`,`spawntimesecs`,`spawndist`,`currentwaypoint`,`curhealth`,`curmana`,`MovementType`,`npcflag`,`unit_flags`,`dynamicflags`,`isActive`) VALUES ( NULL,'144975','960','5956','6118','4','1','0','0','876.344','-2443.54','192.566','0.045001','7200','0','0','1','0','0','16777216','33554440','0','0');

INSERT INTO `creature`(`guid`,`id`,`map`,`zoneId`,`areaId`,`spawnMask`,`phaseMask`,`modelid`,`equipment_id`,`position_x`,`position_y`,`position_z`,`orientation`,`spawntimesecs`,`spawndist`,`currentwaypoint`,`curhealth`,`curmana`,`MovementType`,`npcflag`,`unit_flags`,`dynamicflags`,`isActive`) VALUES ( NULL,'144975','960','5956','6118','4','1','0','0','875.566','-2446.15','192.566','0.494162','7200','0','0','1','0','0','16777216','33554440','0','0');

INSERT INTO `creature`(`guid`,`id`,`map`,`zoneId`,`areaId`,`spawnMask`,`phaseMask`,`modelid`,`equipment_id`,`position_x`,`position_y`,`position_z`,`orientation`,`spawntimesecs`,`spawndist`,`currentwaypoint`,`curhealth`,`curmana`,`MovementType`,`npcflag`,`unit_flags`,`dynamicflags`,`isActive`) VALUES ( NULL,'144975','960','5956','6118','4','1','0','0','835.066','-2428.75','192.563','4.32202','7200','0','0','1','0','0','16777216','33554440','0','0');

INSERT INTO `creature`(`guid`,`id`,`map`,`zoneId`,`areaId`,`spawnMask`,`phaseMask`,`modelid`,`equipment_id`,`position_x`,`position_y`,`position_z`,`orientation`,`spawntimesecs`,`spawndist`,`currentwaypoint`,`curhealth`,`curmana`,`MovementType`,`npcflag`,`unit_flags`,`dynamicflags`,`isActive`) VALUES ( NULL,'144975','960','5956','6118','4','1','0','0','824.238','-2453.93','192.557','5.32942','7200','0','0','1','0','0','16777216','33554440','0','0');

INSERT INTO `creature`(`guid`,`id`,`map`,`zoneId`,`areaId`,`spawnMask`,`phaseMask`,`modelid`,`equipment_id`,`position_x`,`position_y`,`position_z`,`orientation`,`spawntimesecs`,`spawndist`,`currentwaypoint`,`curhealth`,`curmana`,`MovementType`,`npcflag`,`unit_flags`,`dynamicflags`,`isActive`) VALUES ( NULL,'144975','960','5956','6118','4','1','0','0','820.85','-2497.62','192.933','5.83779','7200','0','0','1','0','0','16777216','33554440','0','0');

INSERT INTO `creature`(`guid`,`id`,`map`,`zoneId`,`areaId`,`spawnMask`,`phaseMask`,`modelid`,`equipment_id`,`position_x`,`position_y`,`position_z`,`orientation`,`spawntimesecs`,`spawndist`,`currentwaypoint`,`curhealth`,`curmana`,`MovementType`,`npcflag`,`unit_flags`,`dynamicflags`,`isActive`) VALUES ( NULL,'144975','960','5956','6118','4','1','0','0','851.782','-2505.53','192.551','1.54214','7200','0','0','1','0','0','16777216','33554440','0','0');

INSERT INTO `creature`(`guid`,`id`,`map`,`zoneId`,`areaId`,`spawnMask`,`phaseMask`,`modelid`,`equipment_id`,`position_x`,`position_y`,`position_z`,`orientation`,`spawntimesecs`,`spawndist`,`currentwaypoint`,`curhealth`,`curmana`,`MovementType`,`npcflag`,`unit_flags`,`dynamicflags`,`isActive`) VALUES ( NULL,'144975','960','5956','6119','4','1','0','0','914.431','-2577.21','179.821','6.08287','7200','0','0','1','0','0','16777216','33554440','0','0');

INSERT INTO `creature`(`guid`,`id`,`map`,`zoneId`,`areaId`,`spawnMask`,`phaseMask`,`modelid`,`equipment_id`,`position_x`,`position_y`,`position_z`,`orientation`,`spawntimesecs`,`spawndist`,`currentwaypoint`,`curhealth`,`curmana`,`MovementType`,`npcflag`,`unit_flags`,`dynamicflags`,`isActive`) VALUES ( NULL,'144975','960','5956','6119','4','1','0','0','914.431','-2577.21','179.821','6.08287','7200','0','0','1','0','0','16777216','33554440','0','0');

INSERT INTO `creature`(`guid`,`id`,`map`,`zoneId`,`areaId`,`spawnMask`,`phaseMask`,`modelid`,`equipment_id`,`position_x`,`position_y`,`position_z`,`orientation`,`spawntimesecs`,`spawndist`,`currentwaypoint`,`curhealth`,`curmana`,`MovementType`,`npcflag`,`unit_flags`,`dynamicflags`,`isActive`) VALUES ( NULL,'144975','960','5956','6119','4','1','0','0','942.378','-2547.07','179.821','5.7657','7200','0','0','1','0','0','16777216','33554440','0','0');

INSERT INTO `creature`(`guid`,`id`,`map`,`zoneId`,`areaId`,`spawnMask`,`phaseMask`,`modelid`,`equipment_id`,`position_x`,`position_y`,`position_z`,`orientation`,`spawntimesecs`,`spawndist`,`currentwaypoint`,`curhealth`,`curmana`,`MovementType`,`npcflag`,`unit_flags`,`dynamicflags`,`isActive`) VALUES ( NULL,'144975','960','5956','6119','4','1','0','0','942.289','-2542.04','179.821','4.15695','7200','0','0','1','0','0','16777216','33554440','0','0');

INSERT INTO `creature`(`guid`,`id`,`map`,`zoneId`,`areaId`,`spawnMask`,`phaseMask`,`modelid`,`equipment_id`,`position_x`,`position_y`,`position_z`,`orientation`,`spawntimesecs`,`spawndist`,`currentwaypoint`,`curhealth`,`curmana`,`MovementType`,`npcflag`,`unit_flags`,`dynamicflags`,`isActive`) VALUES ( NULL,'144975','960','5956','6119','4','1','0','0','944.034','-2541.25','179.821','3.83022','7200','0','0','1','0','0','16777216','33554440','0','0');

INSERT INTO `creature`(`guid`,`id`,`map`,`zoneId`,`areaId`,`spawnMask`,`phaseMask`,`modelid`,`equipment_id`,`position_x`,`position_y`,`position_z`,`orientation`,`spawntimesecs`,`spawndist`,`currentwaypoint`,`curhealth`,`curmana`,`MovementType`,`npcflag`,`unit_flags`,`dynamicflags`,`isActive`) VALUES ( NULL,'144975','960','5956','6119','4','1','0','0','946.107','-2541.78','179.821','3.28694','7200','0','0','1','0','0','16777216','33554440','0','0');

INSERT INTO `creature`(`guid`,`id`,`map`,`zoneId`,`areaId`,`spawnMask`,`phaseMask`,`modelid`,`equipment_id`,`position_x`,`position_y`,`position_z`,`orientation`,`spawntimesecs`,`spawndist`,`currentwaypoint`,`curhealth`,`curmana`,`MovementType`,`npcflag`,`unit_flags`,`dynamicflags`,`isActive`) VALUES ( NULL,'144975','960','5956','6119','4','1','0','0','918.692','-2567.25','179.821','0.613623','7200','0','0','1','0','0','16777216','33554440','0','0');

INSERT INTO `creature`(`guid`,`id`,`map`,`zoneId`,`areaId`,`spawnMask`,`phaseMask`,`modelid`,`equipment_id`,`position_x`,`position_y`,`position_z`,`orientation`,`spawntimesecs`,`spawndist`,`currentwaypoint`,`curhealth`,`curmana`,`MovementType`,`npcflag`,`unit_flags`,`dynamicflags`,`isActive`) VALUES ( NULL,'144975','960','5956','6119','4','1','0','0','927.785','-2584.54','179.849','2.95764','7200','0','0','1','0','0','16777216','33554440','0','0');

-- Loots

-- Wise Mari

INSERT INTO `creature_loot_template`(`entry`,`item`,`ChanceOrQuestChance`,`lootmode`,`groupid`,`mincountOrRef`,`maxcount`) VALUES ( '144973','81124','18','1','0','1','1');
INSERT INTO `creature_loot_template`(`entry`,`item`,`ChanceOrQuestChance`,`lootmode`,`groupid`,`mincountOrRef`,`maxcount`) VALUES ( '144973','81075','18','1','0','1','1');
INSERT INTO `creature_loot_template`(`entry`,`item`,`ChanceOrQuestChance`,`lootmode`,`groupid`,`mincountOrRef`,`maxcount`) VALUES ( '144973','81083','17','1','0','1','1');
INSERT INTO `creature_loot_template`(`entry`,`item`,`ChanceOrQuestChance`,`lootmode`,`groupid`,`mincountOrRef`,`maxcount`) VALUES ( '144973','81072','17','1','0','1','1');
INSERT INTO `creature_loot_template`(`entry`,`item`,`ChanceOrQuestChance`,`lootmode`,`groupid`,`mincountOrRef`,`maxcount`) VALUES ( '144973','81123','17','1','0','1','1');

-- Liu Flameheart

INSERT INTO `creature_loot_template`(`entry`,`item`,`ChanceOrQuestChance`,`lootmode`,`groupid`,`mincountOrRef`,`maxcount`) VALUES ( '144968','81067','19','1','0','1','1');
INSERT INTO `creature_loot_template`(`entry`,`item`,`ChanceOrQuestChance`,`lootmode`,`groupid`,`mincountOrRef`,`maxcount`) VALUES ( '144968','81084','18','1','0','1','1');
INSERT INTO `creature_loot_template`(`entry`,`item`,`ChanceOrQuestChance`,`lootmode`,`groupid`,`mincountOrRef`,`maxcount`) VALUES ( '144968','81127','18','1','0','1','1');
INSERT INTO `creature_loot_template`(`entry`,`item`,`ChanceOrQuestChance`,`lootmode`,`groupid`,`mincountOrRef`,`maxcount`) VALUES ( '144968','81070','18','1','0','1','1');
INSERT INTO `creature_loot_template`(`entry`,`item`,`ChanceOrQuestChance`,`lootmode`,`groupid`,`mincountOrRef`,`maxcount`) VALUES ( '144968','81128','18','1','0','1','1');

-- Sha Of Doubt

INSERT INTO `creature_loot_template`(`entry`,`item`,`ChanceOrQuestChance`,`lootmode`,`groupid`,`mincountOrRef`,`maxcount`) VALUES ( '144974','81130','18','1','0','1','1');
INSERT INTO `creature_loot_template`(`entry`,`item`,`ChanceOrQuestChance`,`lootmode`,`groupid`,`mincountOrRef`,`maxcount`) VALUES ( '144974','81082','18','1','0','1','1');
INSERT INTO `creature_loot_template`(`entry`,`item`,`ChanceOrQuestChance`,`lootmode`,`groupid`,`mincountOrRef`,`maxcount`) VALUES ( '144974','81129','18','1','0','1','1');
INSERT INTO `creature_loot_template`(`entry`,`item`,`ChanceOrQuestChance`,`lootmode`,`groupid`,`mincountOrRef`,`maxcount`) VALUES ( '144974','81074','18','1','0','1','1');
INSERT INTO `creature_loot_template`(`entry`,`item`,`ChanceOrQuestChance`,`lootmode`,`groupid`,`mincountOrRef`,`maxcount`) VALUES ( '144974','81131','18','1','0','1','1');
INSERT INTO `creature_loot_template`(`entry`,`item`,`ChanceOrQuestChance`,`lootmode`,`groupid`,`mincountOrRef`,`maxcount`) VALUES ( '144974','81079','18','1','0','1','1');
INSERT INTO `creature_loot_template`(`entry`,`item`,`ChanceOrQuestChance`,`lootmode`,`groupid`,`mincountOrRef`,`maxcount`) VALUES ( '144874','81071','17','1','0','1','1');
INSERT INTO `creature_loot_template`(`entry`,`item`,`ChanceOrQuestChance`,`lootmode`,`groupid`,`mincountOrRef`,`maxcount`) VALUES ( '144874','81063','17','1','0','1','1');
INSERT INTO `creature_loot_template`(`entry`,`item`,`ChanceOrQuestChance`,`lootmode`,`groupid`,`mincountOrRef`,`maxcount`) VALUES ( '144874','81069','17','1','0','1','1');
INSERT INTO `creature_loot_template`(`entry`,`item`,`ChanceOrQuestChance`,`lootmode`,`groupid`,`mincountOrRef`,`maxcount`) VALUES ( '144874','81132','17','1','0','1','1');
INSERT INTO `creature_loot_template`(`entry`,`item`,`ChanceOrQuestChance`,`lootmode`,`groupid`,`mincountOrRef`,`maxcount`) VALUES ( '144874','71715','7','1','0','1','1');
INSERT INTO `creature_loot_template`(`entry`,`item`,`ChanceOrQuestChance`,`lootmode`,`groupid`,`mincountOrRef`,`maxcount`) VALUES ( '144874','87544','0.4','1','0','1','1');

-- Lorewalker Stonestep

INSERT INTO `creature_loot_template`(`entry`,`item`,`ChanceOrQuestChance`,`lootmode`,`groupid`,`mincountOrRef`,`maxcount`) VALUES ( '144967','81058','18','1','0','1','1');
INSERT INTO `creature_loot_template`(`entry`,`item`,`ChanceOrQuestChance`,`lootmode`,`groupid`,`mincountOrRef`,`maxcount`) VALUES ( '144967','81126','18','1','0','1','1');
INSERT INTO `creature_loot_template`(`entry`,`item`,`ChanceOrQuestChance`,`lootmode`,`groupid`,`mincountOrRef`,`maxcount`) VALUES ( '144967','81073','17','1','0','1','1');
INSERT INTO `creature_loot_template`(`entry`,`item`,`ChanceOrQuestChance`,`lootmode`,`groupid`,`mincountOrRef`,`maxcount`) VALUES ( '144967','81060','17','1','0','1','1');
INSERT INTO `creature_loot_template`(`entry`,`item`,`ChanceOrQuestChance`,`lootmode`,`groupid`,`mincountOrRef`,`maxcount`) VALUES ( '144967','81125','17','1','0','1','1');

